1657038843.6677928,0,-0.3587031738227975,-0.33989242167480316,1.427712045212122
1657038844.005397,0,-0.35667502589593875,-0.338604435483592,1.4204701198123983
1657038844.079063,0,-0.35667502589593875,-0.338604435483592,1.4204701198123983
1657038844.1125948,0,-0.35667502589593875,-0.338604435483592,1.4204701198123983
1657038844.16661,0,-0.35667502589593875,-0.338604435483592,1.4204701198123983
1657038844.211382,0,-0.35667502589593875,-0.338604435483592,1.4204701198123983
1657038844.240412,0,-0.35667502589593875,-0.338604435483592,1.4204701198123983
1657038844.281225,0,-0.35667502589593875,-0.338604435483592,1.4204701198123983
1657038844.310296,0,-0.35667502589593875,-0.338604435483592,1.4204701198123983
1657038844.345172,0,-0.35667502589593875,-0.338604435483592,1.4204701198123983
1657038844.374367,0,-0.35667502589593875,-0.338604435483592,1.4204701198123983
1657038844.40903,0,-0.35667502589593875,-0.338604435483592,1.4204701198123983
1657038844.4435651,0,-0.35667502589593875,-0.338604435483592,1.4204701198123983
1657038844.478507,0,-0.358395028454006,-0.34004961263383465,1.4274036327840205
1657038844.507668,0,-0.35667502589593875,-0.338604435483592,1.4204701198123983
1657038844.555097,0,-0.3582342830286163,-0.3403111371419222,1.4267537431537531
1657038844.607091,0,-0.3582342830286163,-0.3403111371419222,1.4267537431537531
1657038844.647926,0,-0.3582342830286163,-0.3403111371419222,1.4267537431537531
1657038844.676801,0,-0.3582342830286163,-0.3403111371419222,1.4267537431537531
1657038844.712575,0,-0.3582342830286163,-0.3403111371419222,1.4267537431537531
1657038844.746783,0,-0.3582342830286163,-0.3403111371419222,1.4267537431537531
1657038844.7758899,0,-0.3582342830286163,-0.3403111371419222,1.4267537431537531
1657038844.810813,0,-0.3582342830286163,-0.3403111371419222,1.4267537431537531
1657038844.8455439,0,-0.3582342830286163,-0.3403111371419222,1.4267537431537531
1657038844.874496,0,-0.3581139383974914,-0.3405692674488511,1.4270369513766066
1657038844.909129,0,-0.3581139383974914,-0.3405692674488511,1.4270369513766066
1657038844.9439738,0,-0.3581139383974914,-0.3405692674488511,1.4270369513766066
1657038844.978796,0,-0.3581139383974914,-0.3405692674488511,1.4270369513766066
1657038845.0138738,0,-0.3582342830286163,-0.3403111371419222,1.4267537431537531
1657038845.042947,0,-0.3582342830286163,-0.3403111371419222,1.4267537431537531
1657038845.077825,0,-0.3582342830286163,-0.3403111371419222,1.4267537431537531
1657038845.112606,0,-0.35990718583326586,-0.3417126891613895,1.4335019821615973
1657038845.147398,0,-0.3583701390515224,-0.34063131937115215,1.4273037396463835
1657038845.1765811,0,-0.3583701390515224,-0.34063131937115215,1.4273037396463835
1657038845.211521,0,-0.3583701390515224,-0.34063131937115215,1.4273037396463835
1657038845.245781,0,-0.3582342830286163,-0.3403111371419222,1.4267537431537531
1657038845.280948,0,-0.3582342830286163,-0.3403111371419222,1.4267537431537531
1657038845.310163,0,-0.3582342830286163,-0.3403111371419222,1.4267537431537531
1657038845.3452852,0,-0.3582342830286163,-0.3403111371419222,1.4267537431537531
1657038845.374583,0,-0.3582342830286163,-0.3403111371419222,1.4267537431537531
1657038845.409211,0,-0.3582342830286163,-0.3403111371419222,1.4267537431537531
1657038845.4439318,0,-0.3582342830286163,-0.3403111371419222,1.4267537431537531
1657038845.473088,0,-0.3582342830286163,-0.3403111371419222,1.4267537431537531
1657038845.513605,0,-0.3583751962650316,-0.34039494595011177,1.4280696012234624
1657038845.5496562,0,-0.3581139383974914,-0.3405692674488511,1.4270369513766066
1657038845.5777438,0,-0.3582342830286163,-0.3403111371419222,1.4267537431537531
1657038845.6123369,0,-0.3582342830286163,-0.3403111371419222,1.4267537431537531
1657038845.6416278,0,-0.3582342830286163,-0.3403111371419222,1.4267537431537531
1657038845.6820438,0,-0.3582342830286163,-0.3403111371419222,1.4267537431537531
1657038845.7113001,0,-0.3582342830286163,-0.3403111371419222,1.4267537431537531
1657038845.7463949,0,-0.3582342830286163,-0.3403111371419222,1.4267537431537531
1657038845.781642,0,-0.3582342830286163,-0.3403111371419222,1.4267537431537531
1657038845.810913,0,-0.3582342830286163,-0.3403111371419222,1.4267537431537531
1657038845.845665,0,-0.3582342830286163,-0.3403111371419222,1.4267537431537531
1657038845.8808682,0,-0.3582342830286163,-0.3403111371419222,1.4267537431537531
1657038845.910073,0,-0.3582342830286163,-0.3403111371419222,1.4267537431537531
1657038845.944962,0,-0.3582342830286163,-0.3403111371419222,1.4267537431537531
1657038845.980195,0,-0.35667502589593875,-0.338604435483592,1.4204701198123983
1657038846.015145,0,-0.35667502589593875,-0.338604435483592,1.4204701198123983
1657038846.080312,0,-0.35667502589593875,-0.338604435483592,1.4204701198123983
1657038846.109109,0,-0.35667502589593875,-0.338604435483592,1.4204701198123983
1657038846.143444,0,-0.35667502589593875,-0.338604435483592,1.4204701198123983
1657038846.1786308,0,-0.35667502589593875,-0.338604435483592,1.4204701198123983
1657038846.213709,0,-0.35667502589593875,-0.338604435483592,1.4204701198123983
1657038846.24263,0,-0.35667502589593875,-0.338604435483592,1.4204701198123983
1657038846.277699,0,-0.35667502589593875,-0.338604435483592,1.4204701198123983
1657038846.3128839,0,-0.3564733563936779,-0.3387843769585172,1.4204257650889518
1657038846.3475351,0,-0.3564733563936779,-0.3387843769585172,1.4204257650889518
1657038846.382706,0,-0.3564733563936779,-0.3387843769585172,1.4204257650889518
1657038846.412184,0,-0.3564733563936779,-0.3387843769585172,1.4204257650889518
1657038846.4525251,0,-0.3564733563936779,-0.3387843769585172,1.4204257650889518
1657038846.512314,0,-0.3564733563936779,-0.3387843769585172,1.4204257650889518
1657038846.553876,0,-0.3581139383974914,-0.3405692674488511,1.4270369513766066
1657038846.581584,0,-0.3582342830286163,-0.3403111371419222,1.4267537431537531
1657038846.640813,0,-0.3582342830286163,-0.3403111371419222,1.4267537431537531
1657038846.680676,0,-0.3582342830286163,-0.3403111371419222,1.4267537431537531
1657038846.709493,0,-0.3582342830286163,-0.3403111371419222,1.4267537431537531
1657038846.744341,0,-0.3582342830286163,-0.3403111371419222,1.4267537431537531
1657038846.773817,0,-0.3582342830286163,-0.3403111371419222,1.4267537431537531
1657038846.814819,0,-0.3582342830286163,-0.3403111371419222,1.4267537431537531
1657038846.843769,0,-0.3582342830286163,-0.3403111371419222,1.4267537431537531
1657038846.878561,0,-0.3582342830286163,-0.3403111371419222,1.4267537431537531
1657038846.9137878,0,-0.3582342830286163,-0.3403111371419222,1.4267537431537531
1657038846.942442,0,-0.3582342830286163,-0.3403111371419222,1.4267537431537531
1657038846.983239,0,-0.3582342830286163,-0.3403111371419222,1.4267537431537531
1657038847.017343,0,-0.35667502589593875,-0.338604435483592,1.4204701198123983
1657038847.046518,0,-0.35667502589593875,-0.338604435483592,1.4204701198123983
1657038847.081593,0,-0.35667502589593875,-0.338604435483592,1.4204701198123983
1657038847.116637,0,-0.35667502589593875,-0.338604435483592,1.4204701198123983
1657038847.150741,0,-0.35667502589593875,-0.338604435483592,1.4204701198123983
1657038847.180036,0,-0.35667502589593875,-0.338604435483592,1.4204701198123983
1657038847.215059,0,-0.35667502589593875,-0.338604435483592,1.4204701198123983
1657038847.249959,0,-0.35667502589593875,-0.338604435483592,1.4204701198123983
1657038847.279066,0,-0.35667502589593875,-0.338604435483592,1.4204701198123983
1657038847.31456,0,-0.35667502589593875,-0.338604435483592,1.4204701198123983
1657038847.349377,0,-0.35667502589593875,-0.338604435483592,1.4204701198123983
1657038847.378649,0,-0.35667502589593875,-0.338604435483592,1.4204701198123983
1657038847.4137971,0,-0.35667502589593875,-0.338604435483592,1.4204701198123983
1657038847.448761,0,-0.3564733563936779,-0.3387843769585172,1.4204257650889518
1657038847.514339,0,-0.35667502589593875,-0.338604435483592,1.4204701198123983
1657038847.556128,0,-0.35667502589593875,-0.338604435483592,1.4204701198123983
1657038847.583621,0,-0.35667502589593875,-0.338604435483592,1.4204701198123983
1657038847.612855,0,-0.3581139383974914,-0.3405692674488511,1.4270369513766066
1657038847.647711,0,-0.3581139383974914,-0.3405692674488511,1.4270369513766066
1657038847.6769001,0,-0.3581139383974914,-0.3405692674488511,1.4270369513766066
1657038847.71766,0,-0.3581139383974914,-0.3405692674488511,1.4270369513766066
1657038847.746892,0,-0.3581139383974914,-0.3405692674488511,1.4270369513766066
1657038847.782012,0,-0.3583701390515224,-0.34063131937115215,1.4273037396463835
1657038847.817407,0,-0.35871894783099756,-0.3403785915982145,1.4270410320508553
1657038847.846404,0,-0.358953560245504,-0.34057252209410704,1.4270605859103431
1657038847.881602,0,-0.358953560245504,-0.34057252209410704,1.4270605859103431
1657038847.916621,0,-0.358953560245504,-0.34057252209410704,1.4270605859103431
1657038847.945824,0,-0.35979320663958986,-0.3405757874807354,1.4270841761636393
1657038847.981102,0,-0.36008104825884885,-0.3400620522967391,1.4274760661297583
1657038848.016042,0,-0.36245299609221293,-0.34173696367483664,1.4336343193092995
1657038848.051278,0,-0.36037770557173393,-0.3396776365366812,1.4278022059900917
1657038848.080802,0,-0.363301677041341,-0.34174505814328776,1.4336782632726084
1657038848.115673,0,-0.3639901343310375,-0.3417819767366702,1.433840507763066
1657038848.150581,0,-0.36261033771362017,-0.3400807589000379,1.42758423864583
1657038848.180158,0,-0.3629024036844826,-0.3399077215996658,1.4278256478519378
1657038848.2150578,0,-0.36315454415950044,-0.33975638575172773,1.427179201374706
1657038848.250064,0,-0.3642645451880358,-0.33983345282209154,1.4275197378679403
1657038848.279267,0,-0.36617556708223303,-0.34126459306503265,1.4334511331357527
1657038848.3149781,0,-0.36462524542495206,-0.3395930228640363,1.4273081679067006
1657038848.349525,0,-0.36510615032328547,-0.3398382537452308,1.4275494216700848
1657038848.378881,0,-0.3670242784344519,-0.3412727541490339,1.4334950379238516
1657038848.41427,0,-0.2509467448880184,-0.3362907855519447,1.4292301108327712
1657038848.41427,1,-0.3650693160062671,-0.3388903559777099,1.4272491732929065
1657038848.448936,0,-0.2504950130893786,-0.3348814192860724,1.4241608062988989
1657038848.448936,1,-0.36631152544173906,-0.33960569094891685,1.427380364054553
1657038848.483965,0,-0.25119015038190196,-0.334270470851539,1.4233402645325905
1657038848.483965,1,-0.3688514181734046,-0.34112081438352954,1.4348126815557698
1657038848.513289,0,-0.2531896183895068,-0.3356398397950578,1.430068093244336
1657038848.513289,1,-0.3696955248681703,-0.34112395378895416,1.4348351584471648
1657038848.554435,0,-0.25345906473995444,-0.3352577488341514,1.4292356941999482
1657038848.554435,1,-0.3679979421587786,-0.33961838015047846,1.4274522755564059
1657038848.583329,0,-0.25402870885800705,-0.33563936611707884,1.4300836488150168
1657038848.583329,1,-0.3698607934112565,-0.3407590755805772,1.4331265249248712
1657038848.61234,0,-0.2551443869876766,-0.33693998446871193,1.436506128545169
1657038848.61234,1,-0.368487048017317,-0.33924511281586966,1.42683924185556
1657038848.653216,0,-0.2529939342520071,-0.3340351582143951,1.4241390216517733
1657038848.653216,1,-0.36907212959165003,-0.3393946051115169,1.4274879838970171
1657038848.682473,0,-0.2531706896528399,-0.3339461964466562,1.42278714152218
1657038848.682473,1,-0.36907212959165003,-0.3393946051115169,1.4274879838970171
1657038848.717589,0,-0.25429897713874206,-0.33525902761107923,1.4292587852542813
1657038848.717589,1,-0.36907212959165003,-0.3393946051115169,1.4274879838970171
1657038848.75229,0,-0.2546730824451948,-0.3356310550082773,1.4300569763936517
1657038848.75229,1,-0.36907212959165003,-0.3393946051115169,1.4274879838970171
1657038848.781856,0,-0.2546730824451948,-0.3356310550082773,1.4300569763936517
1657038848.781856,1,-0.3709444511760044,-0.340926313202613,1.4348133123010236
1657038848.8168478,0,-0.254867808705328,-0.3356389101972863,1.430099265924515
1657038848.8168478,1,-0.3696240396631194,-0.33934560666589353,1.4272792940033412
1657038848.846187,0,-0.2555351752898917,-0.3363335854148243,1.4329217471524855
1657038848.846187,1,-0.3696240396631194,-0.33934560666589353,1.4272792940033412
1657038848.88123,0,-0.2551389099303632,-0.3352603268538102,1.4292819494143152
1657038848.88123,1,-0.36991200463213353,-0.3393978388664248,1.4275105288963732
1657038848.916408,0,-0.2569583963739971,-0.33680510216534526,1.4369730896131825
1657038848.916408,1,-0.37155814087382993,-0.34077551891222624,1.4332140906330029
1657038848.951452,0,-0.2568107972923978,-0.3366020310811934,1.4350999520392231
1657038848.951452,1,-0.37155814087382993,-0.34077551891222624,1.4332140906330029
1657038848.980887,0,-0.2557628501403806,-0.3349912118335202,1.429125956400738
1657038848.980887,1,-0.3720998950171568,-0.34107472340545636,1.4336797841886808
1657038849.015845,0,-0.2557628501403806,-0.3349912118335202,1.429125956400738
1657038849.015845,1,-0.3721250725604127,-0.34125107137827415,1.4336277710320204
1657038849.0509498,0,-0.2559714138549808,-0.33501694785561814,1.429245632924015
1657038849.0509498,1,-0.3701028146318264,-0.3391626998830123,1.427490826919887
1657038849.080114,0,-0.2559714138549808,-0.33501694785561814,1.429245632924015
1657038849.080114,1,-0.3707565519103451,-0.33959475491679614,1.427553339432911
1657038849.121069,0,-0.257102546076092,-0.3363232574951373,1.435701704778734
1657038849.121069,1,-0.37034988639126076,-0.33939913664555843,1.426717079691786
1657038849.150294,0,-0.257102546076092,-0.3363232574951373,1.435701704778734
1657038849.150294,1,-0.37034988639126076,-0.33939913664555843,1.426717079691786
1657038849.185419,0,-0.257102546076092,-0.3363232574951373,1.435701704778734
1657038849.185419,1,-0.37034988639126076,-0.33939913664555843,1.426717079691786
1657038849.2143722,0,-0.257102546076092,-0.3363232574951373,1.435701704778734
1657038849.2143722,1,-0.3707519029231492,-0.3394010820138881,1.427533018066904
1657038849.249252,0,-0.257102546076092,-0.3363232574951373,1.435701704778734
1657038849.249252,1,-0.37034988639126076,-0.33939913664555843,1.426717079691786
1657038849.284249,0,-0.257102546076092,-0.3363232574951373,1.435701704778734
1657038849.284249,1,-0.37034988639126076,-0.33939913664555843,1.426717079691786
1657038849.319235,0,-0.257102546076092,-0.3363232574951373,1.435701704778734
1657038849.319235,1,-0.3707519029231492,-0.3394010820138881,1.427533018066904
1657038849.3470452,0,-0.257102546076092,-0.3363232574951373,1.435701704778734
1657038849.3470452,1,-0.37034988639126076,-0.33939913664555843,1.426717079691786
1657038849.382366,0,-0.2559714138549808,-0.33501694785561814,1.429245632924015
1657038849.382366,1,-0.37034988639126076,-0.33939913664555843,1.426717079691786
1657038849.417373,0,-0.2559714138549808,-0.33501694785561814,1.429245632924015
1657038849.417373,1,-0.37034988639126076,-0.33939913664555843,1.426717079691786
1657038849.4522161,0,-0.2559714138549808,-0.33501694785561814,1.429245632924015
1657038849.4522161,1,-0.37034988639126076,-0.33939913664555843,1.426717079691786
1657038849.486992,0,-0.2559714138549808,-0.33501694785561814,1.429245632924015
1657038849.486992,1,-0.3707519029231492,-0.3394010820138881,1.427533018066904
1657038849.516294,0,-0.2559714138549808,-0.33501694785561814,1.429245632924015
1657038849.516294,1,-0.37034988639126076,-0.33939913664555843,1.426717079691786
1657038849.5523012,0,-0.2559714138549808,-0.33501694785561814,1.429245632924015
1657038849.5523012,1,-0.37034988639126076,-0.33939913664555843,1.426717079691786
1657038849.580514,0,-0.2559714138549808,-0.33501694785561814,1.429245632924015
1657038849.580514,1,-0.37034988639126076,-0.33939913664555843,1.426717079691786
1657038849.6154509,0,-0.2559714138549808,-0.33501694785561814,1.429245632924015
1657038849.6154509,1,-0.37034988639126076,-0.33939913664555843,1.426717079691786
1657038849.649791,0,-0.2559714138549808,-0.33501694785561814,1.429245632924015
1657038849.649791,1,-0.37034988639126076,-0.33939913664555843,1.426717079691786
1657038849.685049,0,-0.2559714138549808,-0.33501694785561814,1.429245632924015
1657038849.685049,1,-0.37034988639126076,-0.33939913664555843,1.426717079691786
1657038849.71446,0,-0.2559714138549808,-0.33501694785561814,1.429245632924015
1657038849.71446,1,-0.37034988639126076,-0.33939913664555843,1.426717079691786
1657038849.749515,0,-0.2559714138549808,-0.33501694785561814,1.429245632924015
1657038849.749515,1,-0.37034988639126076,-0.33939913664555843,1.426717079691786
1657038849.784482,0,-0.2559714138549808,-0.33501694785561814,1.429245632924015
1657038849.784482,1,-0.37034988639126076,-0.33939913664555843,1.426717079691786
1657038849.814034,0,-0.2559714138549808,-0.33501694785561814,1.429245632924015
1657038849.814034,1,-0.37034988639126076,-0.33939913664555843,1.426717079691786
1657038849.848736,0,-0.2559714138549808,-0.33501694785561814,1.429245632924015
1657038849.848736,1,-0.37034988639126076,-0.33939913664555843,1.426717079691786
1657038849.883594,0,-0.2559714138549808,-0.33501694785561814,1.429245632924015
1657038849.883594,1,-0.37034988639126076,-0.33939913664555843,1.426717079691786
1657038849.91848,0,-0.2559714138549808,-0.33501694785561814,1.429245632924015
1657038849.91848,1,-0.37034988639126076,-0.33939913664555843,1.426717079691786
1657038849.953242,0,-0.2559714138549808,-0.33501694785561814,1.429245632924015
1657038849.953242,1,-0.37034988639126076,-0.33939913664555843,1.426717079691786
1657038849.982503,0,-0.2559714138549808,-0.33501694785561814,1.429245632924015
1657038849.982503,1,-0.37034988639126076,-0.33939913664555843,1.426717079691786
1657038850.0175061,0,-0.2559714138549808,-0.33501694785561814,1.429245632924015
1657038850.0175061,1,-0.37034988639126076,-0.33939913664555843,1.426717079691786
1657038850.052429,0,-0.2559714138549808,-0.33501694785561814,1.429245632924015
1657038850.052429,1,-0.37034988639126076,-0.33939913664555843,1.426717079691786
1657038850.0812511,0,-0.2559714138549808,-0.33501694785561814,1.429245632924015
1657038850.0812511,1,-0.37034988639126076,-0.33939913664555843,1.426717079691786
1657038850.110518,0,-0.2559714138549808,-0.33501694785561814,1.429245632924015
1657038850.110518,1,-0.37034988639126076,-0.33939913664555843,1.426717079691786
1657038850.151006,0,-0.2559714138549808,-0.33501694785561814,1.429245632924015
1657038850.151006,1,-0.37034988639126076,-0.33939913664555843,1.426717079691786
1657038850.1804469,0,-0.2559714138549808,-0.33501694785561814,1.429245632924015
1657038850.1804469,1,-0.37034988639126076,-0.33939913664555843,1.426717079691786
1657038850.2152472,0,-0.2559714138549808,-0.33501694785561814,1.429245632924015
1657038850.2152472,1,-0.37034988639126076,-0.33939913664555843,1.426717079691786
1657038850.250141,0,-0.2559714138549808,-0.33501694785561814,1.429245632924015
1657038850.250141,1,-0.37034988639126076,-0.33939913664555843,1.426717079691786
1657038850.285235,0,-0.2559714138549808,-0.33501694785561814,1.429245632924015
1657038850.285235,1,-0.37034988639126076,-0.33939913664555843,1.426717079691786
1657038850.3145301,0,-0.2559714138549808,-0.33501694785561814,1.429245632924015
1657038850.3145301,1,-0.37034988639126076,-0.33939913664555843,1.426717079691786
1657038850.3492439,0,-0.2559714138549808,-0.33501694785561814,1.429245632924015
1657038850.3492439,1,-0.37034988639126076,-0.33939913664555843,1.426717079691786
1657038850.384342,0,-0.2559714138549808,-0.33501694785561814,1.429245632924015
1657038850.384342,1,-0.37034988639126076,-0.33939913664555843,1.426717079691786
1657038850.4137201,0,-0.2559714138549808,-0.33501694785561814,1.429245632924015
1657038850.4137201,1,-0.37034988639126076,-0.33939913664555843,1.426717079691786
1657038850.4534779,0,-0.2559714138549808,-0.33501694785561814,1.429245632924015
1657038850.4534779,1,-0.37034988639126076,-0.33939913664555843,1.426717079691786
1657038850.482668,0,-0.2559714138549808,-0.33501694785561814,1.429245632924015
1657038850.482668,1,-0.37034988639126076,-0.33939913664555843,1.426717079691786
1657038850.5178602,0,-0.2559714138549808,-0.33501694785561814,1.429245632924015
1657038850.5178602,1,-0.37034988639126076,-0.33939913664555843,1.426717079691786
1657038850.55374,0,-0.2559714138549808,-0.33501694785561814,1.429245632924015
1657038850.55374,1,-0.37034988639126076,-0.33939913664555843,1.426717079691786
1657038850.5809312,0,-0.2559714138549808,-0.33501694785561814,1.429245632924015
1657038850.5809312,1,-0.37034988639126076,-0.33939913664555843,1.426717079691786
1657038850.615819,0,-0.2559714138549808,-0.33501694785561814,1.429245632924015
1657038850.615819,1,-0.37034988639126076,-0.33939913664555843,1.426717079691786
1657038850.650527,0,-0.2559714138549808,-0.33501694785561814,1.429245632924015
1657038850.650527,1,-0.37034988639126076,-0.33939913664555843,1.426717079691786
1657038850.679304,0,-0.2559714138549808,-0.33501694785561814,1.429245632924015
1657038850.679304,1,-0.3707519029231492,-0.3394010820138881,1.427533018066904
1657038850.714077,0,-0.2559714138549808,-0.33501694785561814,1.429245632924015
1657038850.714077,1,-0.37034988639126076,-0.33939913664555843,1.426717079691786
1657038850.7489028,0,-0.2559714138549808,-0.33501694785561814,1.429245632924015
1657038850.7489028,1,-0.37034988639126076,-0.33939913664555843,1.426717079691786
1657038850.784099,0,-0.2559714138549808,-0.33501694785561814,1.429245632924015
1657038850.784099,1,-0.3707565519103451,-0.33959475491679614,1.427553339432911
1657038850.819227,0,-0.2559714138549808,-0.33501694785561814,1.429245632924015
1657038850.819227,1,-0.37034988639126076,-0.33939913664555843,1.426717079691786
1657038850.8484511,0,-0.2559714138549808,-0.33501694785561814,1.429245632924015
1657038850.8484511,1,-0.37034988639126076,-0.33939913664555843,1.426717079691786
1657038850.883731,0,-0.2559714138549808,-0.33501694785561814,1.429245632924015
1657038850.883731,1,-0.37034988639126076,-0.33939913664555843,1.426717079691786
1657038850.9130082,0,-0.2559714138549808,-0.33501694785561814,1.429245632924015
1657038850.9130082,1,-0.37034988639126076,-0.33939913664555843,1.426717079691786
1657038850.953687,0,-0.2559714138549808,-0.33501694785561814,1.429245632924015
1657038850.953687,1,-0.37034988639126076,-0.33939913664555843,1.426717079691786
1657038850.983073,0,-0.2559714138549808,-0.33501694785561814,1.429245632924015
1657038850.983073,1,-0.37034988639126076,-0.33939913664555843,1.426717079691786
1657038851.017979,0,-0.2559714138549808,-0.33501694785561814,1.429245632924015
1657038851.017979,1,-0.37034988639126076,-0.33939913664555843,1.426717079691786
1657038851.052873,0,-0.2559714138549808,-0.33501694785561814,1.429245632924015
1657038851.052873,1,-0.37034988639126076,-0.33939913664555843,1.426717079691786
1657038851.0879,0,-0.2559714138549808,-0.33501694785561814,1.429245632924015
1657038851.0879,1,-0.37034988639126076,-0.33939913664555843,1.426717079691786
1657038851.1172428,0,-0.2559714138549808,-0.33501694785561814,1.429245632924015
1657038851.1172428,1,-0.37034988639126076,-0.33939913664555843,1.426717079691786
1657038851.152334,0,-0.2559714138549808,-0.33501694785561814,1.429245632924015
1657038851.152334,1,-0.37034988639126076,-0.33939913664555843,1.426717079691786
1657038851.18123,0,-0.2559714138549808,-0.33501694785561814,1.429245632924015
1657038851.18123,1,-0.3707519029231492,-0.3394010820138881,1.427533018066904
1657038851.216168,0,-0.2559714138549808,-0.33501694785561814,1.429245632924015
1657038851.216168,1,-0.37034988639126076,-0.33939913664555843,1.426717079691786
1657038851.251296,0,-0.2559714138549808,-0.33501694785561814,1.429245632924015
1657038851.251296,1,-0.37034988639126076,-0.33939913664555843,1.426717079691786
1657038851.286249,0,-0.2559714138549808,-0.33501694785561814,1.429245632924015
1657038851.286249,1,-0.37034988639126076,-0.33939913664555843,1.426717079691786
1657038851.314948,0,-0.25492671554381763,-0.33341330310833883,1.4232943472756516
1657038851.314948,1,-0.3707519029231492,-0.3394010820138881,1.427533018066904
1657038851.349696,0,-0.25492671554381763,-0.33341330310833883,1.4232943472756516
1657038851.349696,1,-0.3707519029231492,-0.3394010820138881,1.427533018066904
1657038851.384814,0,-0.25492671554381763,-0.33341330310833883,1.4232943472756516
1657038851.384814,1,-0.3707519029231492,-0.3394010820138881,1.427533018066904
1657038851.419733,0,-0.2559714138549808,-0.33501694785561814,1.429245632924015
1657038851.419733,1,-0.37034988639126076,-0.33939913664555843,1.426717079691786
1657038851.4488919,0,-0.2559714138549808,-0.33501694785561814,1.429245632924015
1657038851.4488919,1,-0.37034988639126076,-0.33939913664555843,1.426717079691786
1657038851.483754,0,-0.2559714138549808,-0.33501694785561814,1.429245632924015
1657038851.483754,1,-0.37034988639126076,-0.33939913664555843,1.426717079691786
1657038851.518362,0,-0.2559714138549808,-0.33501694785561814,1.429245632924015
1657038851.518362,1,-0.3707519029231492,-0.3394010820138881,1.427533018066904
1657038851.5543602,0,-0.2559714138549808,-0.33501694785561814,1.429245632924015
1657038851.5543602,1,-0.37034988639126076,-0.33939913664555843,1.426717079691786
1657038851.582637,0,-0.2559714138549808,-0.33501694785561814,1.429245632924015
1657038851.582637,1,-0.37034988639126076,-0.33939913664555843,1.426717079691786
1657038851.6116931,0,-0.2559714138549808,-0.33501694785561814,1.429245632924015
1657038851.6116931,1,-0.37034988639126076,-0.33939913664555843,1.426717079691786
1657038851.652411,0,-0.2559714138549808,-0.33501694785561814,1.429245632924015
1657038851.652411,1,-0.37034988639126076,-0.33939913664555843,1.426717079691786
1657038851.681803,0,-0.2559714138549808,-0.33501694785561814,1.429245632924015
1657038851.681803,1,-0.37034988639126076,-0.33939913664555843,1.426717079691786
1657038851.716685,0,-0.2559714138549808,-0.33501694785561814,1.429245632924015
1657038851.716685,1,-0.37034988639126076,-0.33939913664555843,1.426717079691786
1657038851.751053,0,-0.2559714138549808,-0.33501694785561814,1.429245632924015
1657038851.751053,1,-0.37034988639126076,-0.33939913664555843,1.426717079691786
1657038851.780751,0,-0.2559714138549808,-0.33501694785561814,1.429245632924015
1657038851.780751,1,-0.3707565519103451,-0.33959475491679614,1.427553339432911
1657038851.851758,0,-0.2559714138549808,-0.33501694785561814,1.429245632924015
1657038851.851758,1,-0.37034988639126076,-0.33939913664555843,1.426717079691786
1657038851.886266,0,-0.2559714138549808,-0.33501694785561814,1.429245632924015
1657038851.886266,1,-0.37034988639126076,-0.33939913664555843,1.426717079691786
1657038851.9509308,0,-0.2559714138549808,-0.33501694785561814,1.429245632924015
1657038851.9509308,1,-0.37017413470307275,-0.3394485525832742,1.4269179391240794
1657038851.991808,0,-0.2559714138549808,-0.33501694785561814,1.429245632924015
1657038851.991808,1,-0.37034988639126076,-0.33939913664555843,1.426717079691786
1657038852.020086,0,-0.2559714138549808,-0.33501694785561814,1.429245632924015
1657038852.020086,1,-0.37034988639126076,-0.33939913664555843,1.426717079691786
1657038852.0547981,0,-0.2559714138549808,-0.33501694785561814,1.429245632924015
1657038852.0547981,1,-0.37034988639126076,-0.33939913664555843,1.426717079691786
1657038852.08417,0,-0.2559714138549808,-0.33501694785561814,1.429245632924015
1657038852.08417,1,-0.37017413470307275,-0.3394485525832742,1.4269179391240794
1657038852.119182,0,-0.2559714138549808,-0.33501694785561814,1.429245632924015
1657038852.119182,1,-0.37034988639126076,-0.33939913664555843,1.426717079691786
1657038852.147676,0,-0.2559714138549808,-0.33501694785561814,1.429245632924015
1657038852.147676,1,-0.37034988639126076,-0.33939913664555843,1.426717079691786
1657038852.182961,0,-0.2559714138549808,-0.33501694785561814,1.429245632924015
1657038852.182961,1,-0.37034988639126076,-0.33939913664555843,1.426717079691786
1657038852.218048,0,-0.2559714138549808,-0.33501694785561814,1.429245632924015
1657038852.218048,1,-0.37034988639126076,-0.33939913664555843,1.426717079691786
1657038852.25299,0,-0.2559714138549808,-0.33501694785561814,1.429245632924015
1657038852.25299,1,-0.37034988639126076,-0.33939913664555843,1.426717079691786
1657038852.282321,0,-0.2559714138549808,-0.33501694785561814,1.429245632924015
1657038852.282321,1,-0.37034988639126076,-0.33939913664555843,1.426717079691786
1657038852.31729,0,-0.2559714138549808,-0.33501694785561814,1.429245632924015
1657038852.31729,1,-0.37034988639126076,-0.33939913664555843,1.426717079691786
1657038852.3523169,0,-0.2559714138549808,-0.33501694785561814,1.429245632924015
1657038852.3523169,1,-0.37034988639126076,-0.33939913664555843,1.426717079691786
1657038852.3815749,0,-0.2559714138549808,-0.33501694785561814,1.429245632924015
1657038852.3815749,1,-0.37034988639126076,-0.33939913664555843,1.426717079691786
1657038852.416628,0,-0.2559714138549808,-0.33501694785561814,1.429245632924015
1657038852.416628,1,-0.37034988639126076,-0.33939913664555843,1.426717079691786
1657038852.4457269,0,-0.2559714138549808,-0.33501694785561814,1.429245632924015
1657038852.4457269,1,-0.37034988639126076,-0.33939913664555843,1.426717079691786
1657038852.4864268,0,-0.2559714138549808,-0.33501694785561814,1.429245632924015
1657038852.4864268,1,-0.37034988639126076,-0.33939913664555843,1.426717079691786
1657038852.5151072,0,-0.2559714138549808,-0.33501694785561814,1.429245632924015
1657038852.5151072,1,-0.37034988639126076,-0.33939913664555843,1.426717079691786
1657038852.5571442,0,-0.2559714138549808,-0.33501694785561814,1.429245632924015
1657038852.5571442,1,-0.37017413470307275,-0.3394485525832742,1.4269179391240794
1657038852.585106,0,-0.2559714138549808,-0.33501694785561814,1.429245632924015
1657038852.585106,1,-0.37017413470307275,-0.3394485525832742,1.4269179391240794
1657038852.6199129,0,-0.2559714138549808,-0.33501694785561814,1.429245632924015
1657038852.6199129,1,-0.37017413470307275,-0.3394485525832742,1.4269179391240794
1657038852.65445,0,-0.2559714138549808,-0.33501694785561814,1.429245632924015
1657038852.65445,1,-0.37017413470307275,-0.3394485525832742,1.4269179391240794
1657038852.6838999,0,-0.2559714138549808,-0.33501694785561814,1.429245632924015
1657038852.6838999,1,-0.37017413470307275,-0.3394485525832742,1.4269179391240794
1657038852.719081,0,-0.2559714138549808,-0.33501694785561814,1.429245632924015
1657038852.719081,1,-0.37017413470307275,-0.3394485525832742,1.4269179391240794
1657038852.75392,0,-0.2559714138549808,-0.33501694785561814,1.429245632924015
1657038852.75392,1,-0.37034988639126076,-0.33939913664555843,1.426717079691786
1657038852.789119,0,-0.2559714138549808,-0.33501694785561814,1.429245632924015
1657038852.789119,1,-0.37039741258928166,-0.33925314643197985,1.4269002682914367
1657038852.818409,0,-0.2559714138549808,-0.33501694785561814,1.429245632924015
1657038852.818409,1,-0.37034988639126076,-0.33939913664555843,1.426717079691786
1657038852.853293,0,-0.2559714138549808,-0.33501694785561814,1.429245632924015
1657038852.853293,1,-0.37034988639126076,-0.33939913664555843,1.426717079691786
1657038852.9188218,0,-0.2559714138549808,-0.33501694785561814,1.429245632924015
1657038852.9188218,1,-0.37034988639126076,-0.33939913664555843,1.426717079691786
1657038852.953187,0,-0.2559714138549808,-0.33501694785561814,1.429245632924015
1657038852.953187,1,-0.37034988639126076,-0.33939913664555843,1.426717079691786
1657038852.988157,0,-0.2559714138549808,-0.33501694785561814,1.429245632924015
1657038852.988157,1,-0.37034988639126076,-0.33939913664555843,1.426717079691786
1657038853.017333,0,-0.2559714138549808,-0.33501694785561814,1.429245632924015
1657038853.017333,1,-0.37034988639126076,-0.33939913664555843,1.426717079691786
1657038853.052572,0,-0.2559714138549808,-0.33501694785561814,1.429245632924015
1657038853.052572,1,-0.37034988639126076,-0.33939913664555843,1.426717079691786
1657038853.087574,0,-0.2559714138549808,-0.33501694785561814,1.429245632924015
1657038853.087574,1,-0.37034988639126076,-0.33939913664555843,1.426717079691786
1657038853.122643,0,-0.2559714138549808,-0.33501694785561814,1.429245632924015
1657038853.122643,1,-0.37034988639126076,-0.33939913664555843,1.426717079691786
1657038853.151683,0,-0.2559714138549808,-0.33501694785561814,1.429245632924015
1657038853.151683,1,-0.37034988639126076,-0.33939913664555843,1.426717079691786
1657038853.186804,0,-0.2559714138549808,-0.33501694785561814,1.429245632924015
1657038853.186804,1,-0.37034988639126076,-0.33939913664555843,1.426717079691786
1657038853.215988,0,-0.2559714138549808,-0.33501694785561814,1.429245632924015
1657038853.215988,1,-0.37034988639126076,-0.33939913664555843,1.426717079691786
1657038853.251153,0,-0.2559714138549808,-0.33501694785561814,1.429245632924015
1657038853.251153,1,-0.37034988639126076,-0.33939913664555843,1.426717079691786
1657038853.28619,0,-0.2559714138549808,-0.33501694785561814,1.429245632924015
1657038853.28619,1,-0.37034988639126076,-0.33939913664555843,1.426717079691786
1657038853.3212469,0,-0.2559714138549808,-0.33501694785561814,1.429245632924015
1657038853.3212469,1,-0.37034988639126076,-0.33939913664555843,1.426717079691786
1657038853.35056,0,-0.2559714138549808,-0.33501694785561814,1.429245632924015
1657038853.35056,1,-0.37034988639126076,-0.33939913664555843,1.426717079691786
1657038853.385816,0,-0.2559714138549808,-0.33501694785561814,1.429245632924015
1657038853.385816,1,-0.37034988639126076,-0.33939913664555843,1.426717079691786
1657038853.420765,0,-0.2559714138549808,-0.33501694785561814,1.429245632924015
1657038853.420765,1,-0.37034988639126076,-0.33939913664555843,1.426717079691786
1657038853.449964,0,-0.2559714138549808,-0.33501694785561814,1.429245632924015
1657038853.449964,1,-0.37034988639126076,-0.33939913664555843,1.426717079691786
1657038853.4852722,0,-0.2559714138549808,-0.33501694785561814,1.429245632924015
1657038853.4852722,1,-0.37034988639126076,-0.33939913664555843,1.426717079691786
1657038853.5204532,0,-0.2559714138549808,-0.33501694785561814,1.429245632924015
1657038853.5204532,1,-0.37034988639126076,-0.33939913664555843,1.426717079691786
1657038853.562237,0,-0.2559714138549808,-0.33501694785561814,1.429245632924015
1657038853.562237,1,-0.37017413470307275,-0.3394485525832742,1.4269179391240794
1657038853.620013,0,-0.2559714138549808,-0.33501694785561814,1.429245632924015
1657038853.620013,1,-0.37034988639126076,-0.33939913664555843,1.426717079691786
1657038853.6546922,0,-0.2559714138549808,-0.33501694785561814,1.429245632924015
1657038853.6546922,1,-0.37034988639126076,-0.33939913664555843,1.426717079691786
1657038853.683742,0,-0.2559714138549808,-0.33501694785561814,1.429245632924015
1657038853.683742,1,-0.37034988639126076,-0.33939913664555843,1.426717079691786
1657038853.718843,0,-0.2559714138549808,-0.33501694785561814,1.429245632924015
1657038853.718843,1,-0.37017413470307275,-0.3394485525832742,1.4269179391240794
1657038853.753634,0,-0.2559714138549808,-0.33501694785561814,1.429245632924015
1657038853.753634,1,-0.37017413470307275,-0.3394485525832742,1.4269179391240794
1657038853.7829518,0,-0.2559714138549808,-0.33501694785561814,1.429245632924015
1657038853.7829518,1,-0.37017413470307275,-0.3394485525832742,1.4269179391240794
1657038853.81844,0,-0.2559714138549808,-0.33501694785561814,1.429245632924015
1657038853.81844,1,-0.37017413470307275,-0.3394485525832742,1.4269179391240794
1657038853.852986,0,-0.2559714138549808,-0.33501694785561814,1.429245632924015
1657038853.852986,1,-0.37017413470307275,-0.3394485525832742,1.4269179391240794
1657038853.888227,0,-0.2559714138549808,-0.33501694785561814,1.429245632924015
1657038853.888227,1,-0.37017413470307275,-0.3394485525832742,1.4269179391240794
1657038853.917519,0,-0.2559714138549808,-0.33501694785561814,1.429245632924015
1657038853.917519,1,-0.37017413470307275,-0.3394485525832742,1.4269179391240794
1657038853.952319,0,-0.2559714138549808,-0.33501694785561814,1.429245632924015
1657038853.952319,1,-0.37017413470307275,-0.3394485525832742,1.4269179391240794
1657038853.987503,0,-0.2559714138549808,-0.33501694785561814,1.429245632924015
1657038853.987503,1,-0.37017413470307275,-0.3394485525832742,1.4269179391240794
1657038854.0520902,0,-0.2559714138549808,-0.33501694785561814,1.429245632924015
1657038854.0520902,1,-0.37017413470307275,-0.3394485525832742,1.4269179391240794
1657038854.086581,0,-0.2559714138549808,-0.33501694785561814,1.429245632924015
1657038854.086581,1,-0.37034988639126076,-0.33939913664555843,1.426717079691786
1657038854.115581,0,-0.2559714138549808,-0.33501694785561814,1.429245632924015
1657038854.115581,1,-0.37034988639126076,-0.33939913664555843,1.426717079691786
1657038854.156589,0,-0.2559714138549808,-0.33501694785561814,1.429245632924015
1657038854.156589,1,-0.37034988639126076,-0.33939913664555843,1.426717079691786
1657038854.185645,0,-0.2559714138549808,-0.33501694785561814,1.429245632924015
1657038854.185645,1,-0.37034988639126076,-0.33939913664555843,1.426717079691786
1657038854.220843,0,-0.2559714138549808,-0.33501694785561814,1.429245632924015
1657038854.220843,1,-0.37034988639126076,-0.33939913664555843,1.426717079691786
1657038854.250087,0,-0.2559714138549808,-0.33501694785561814,1.429245632924015
1657038854.250087,1,-0.37034988639126076,-0.33939913664555843,1.426717079691786
1657038854.28497,0,-0.2559714138549808,-0.33501694785561814,1.429245632924015
1657038854.28497,1,-0.37034988639126076,-0.33939913664555843,1.426717079691786
1657038854.320052,0,-0.2559714138549808,-0.33501694785561814,1.429245632924015
1657038854.320052,1,-0.37034988639126076,-0.33939913664555843,1.426717079691786
1657038854.354849,0,-0.2559714138549808,-0.33501694785561814,1.429245632924015
1657038854.354849,1,-0.37034988639126076,-0.33939913664555843,1.426717079691786
1657038854.3843699,0,-0.2559714138549808,-0.33501694785561814,1.429245632924015
1657038854.3843699,1,-0.37034988639126076,-0.33939913664555843,1.426717079691786
1657038854.419474,0,-0.2559714138549808,-0.33501694785561814,1.429245632924015
1657038854.419474,1,-0.37034988639126076,-0.33939913664555843,1.426717079691786
1657038854.454219,0,-0.2559714138549808,-0.33501694785561814,1.429245632924015
1657038854.454219,1,-0.37034988639126076,-0.33939913664555843,1.426717079691786
1657038854.4835498,0,-0.2559714138549808,-0.33501694785561814,1.429245632924015
1657038854.4835498,1,-0.37034988639126076,-0.33939913664555843,1.426717079691786
1657038854.51882,0,-0.2559714138549808,-0.33501694785561814,1.429245632924015
1657038854.51882,1,-0.37034988639126076,-0.33939913664555843,1.426717079691786
1657038854.5606499,0,-0.2559714138549808,-0.33501694785561814,1.429245632924015
1657038854.5606499,1,-0.37034988639126076,-0.33939913664555843,1.426717079691786
1657038854.588717,0,-0.2559714138549808,-0.33501694785561814,1.429245632924015
1657038854.588717,1,-0.37017413470307275,-0.3394485525832742,1.4269179391240794
1657038854.617287,0,-0.2559714138549808,-0.33501694785561814,1.429245632924015
1657038854.617287,1,-0.37034988639126076,-0.33939913664555843,1.426717079691786
1657038854.6520908,0,-0.2559714138549808,-0.33501694785561814,1.429245632924015
1657038854.6520908,1,-0.37034988639126076,-0.33939913664555843,1.426717079691786
1657038854.6873689,0,-0.2559714138549808,-0.33501694785561814,1.429245632924015
1657038854.6873689,1,-0.37034988639126076,-0.33939913664555843,1.426717079691786
1657038854.7225611,0,-0.2559714138549808,-0.33501694785561814,1.429245632924015
1657038854.7225611,1,-0.37034988639126076,-0.33939913664555843,1.426717079691786
1657038854.751483,0,-0.2559714138549808,-0.33501694785561814,1.429245632924015
1657038854.751483,1,-0.37034988639126076,-0.33939913664555843,1.426717079691786
1657038854.816446,0,-0.2559714138549808,-0.33501694785561814,1.429245632924015
1657038854.816446,1,-0.37034988639126076,-0.33939913664555843,1.426717079691786
1657038854.850799,0,-0.2559714138549808,-0.33501694785561814,1.429245632924015
1657038854.850799,1,-0.37034988639126076,-0.33939913664555843,1.426717079691786
1657038854.8856761,0,-0.2559714138549808,-0.33501694785561814,1.429245632924015
1657038854.8856761,1,-0.37034988639126076,-0.33939913664555843,1.426717079691786
1657038854.920751,0,-0.2559714138549808,-0.33501694785561814,1.429245632924015
1657038854.920751,1,-0.37034988639126076,-0.33939913664555843,1.426717079691786
1657038854.9555998,0,-0.2559714138549808,-0.33501694785561814,1.429245632924015
1657038854.9555998,1,-0.37034988639126076,-0.33939913664555843,1.426717079691786
1657038854.990737,0,-0.2559714138549808,-0.33501694785561814,1.429245632924015
1657038854.990737,1,-0.37034988639126076,-0.33939913664555843,1.426717079691786
1657038855.020038,0,-0.2559714138549808,-0.33501694785561814,1.429245632924015
1657038855.020038,1,-0.37034988639126076,-0.33939913664555843,1.426717079691786
1657038855.055063,0,-0.2559714138549808,-0.33501694785561814,1.429245632924015
1657038855.055063,1,-0.37034988639126076,-0.33939913664555843,1.426717079691786
1657038855.0842528,0,-0.2559714138549808,-0.33501694785561814,1.429245632924015
1657038855.0842528,1,-0.37034988639126076,-0.33939913664555843,1.426717079691786
1657038855.1193888,0,-0.2559714138549808,-0.33501694785561814,1.429245632924015
1657038855.1193888,1,-0.37034988639126076,-0.33939913664555843,1.426717079691786
1657038855.15442,0,-0.2559714138549808,-0.33501694785561814,1.429245632924015
1657038855.15442,1,-0.37034988639126076,-0.33939913664555843,1.426717079691786
1657038855.183545,0,-0.2559714138549808,-0.33501694785561814,1.429245632924015
1657038855.183545,1,-0.37034988639126076,-0.33939913664555843,1.426717079691786
1657038855.218486,0,-0.2559714138549808,-0.33501694785561814,1.429245632924015
1657038855.218486,1,-0.37034988639126076,-0.33939913664555843,1.426717079691786
1657038855.2534568,0,-0.2559714138549808,-0.33501694785561814,1.429245632924015
1657038855.2534568,1,-0.37034988639126076,-0.33939913664555843,1.426717079691786
1657038855.288563,0,-0.2559714138549808,-0.33501694785561814,1.429245632924015
1657038855.288563,1,-0.37034988639126076,-0.33939913664555843,1.426717079691786
1657038855.317781,0,-0.2559714138549808,-0.33501694785561814,1.429245632924015
1657038855.317781,1,-0.37034988639126076,-0.33939913664555843,1.426717079691786
1657038855.352573,0,-0.2559714138549808,-0.33501694785561814,1.429245632924015
1657038855.352573,1,-0.37034988639126076,-0.33939913664555843,1.426717079691786
1657038855.387645,0,-0.2559714138549808,-0.33501694785561814,1.429245632924015
1657038855.387645,1,-0.37034988639126076,-0.33939913664555843,1.426717079691786
1657038855.422699,0,-0.2559714138549808,-0.33501694785561814,1.429245632924015
1657038855.422699,1,-0.37034988639126076,-0.33939913664555843,1.426717079691786
1657038855.451597,0,-0.2559714138549808,-0.33501694785561814,1.429245632924015
1657038855.451597,1,-0.37034988639126076,-0.33939913664555843,1.426717079691786
1657038855.4864461,0,-0.2559714138549808,-0.33501694785561814,1.429245632924015
1657038855.4864461,1,-0.37034988639126076,-0.33939913664555843,1.426717079691786
1657038855.5214038,0,-0.2559714138549808,-0.33501694785561814,1.429245632924015
1657038855.5214038,1,-0.37034988639126076,-0.33939913664555843,1.426717079691786
1657038855.563244,0,-0.2559714138549808,-0.33501694785561814,1.429245632924015
1657038855.563244,1,-0.37017413470307275,-0.3394485525832742,1.4269179391240794
1657038855.620799,0,-0.2559714138549808,-0.33501694785561814,1.429245632924015
1657038855.620799,1,-0.37017413470307275,-0.3394485525832742,1.4269179391240794
1657038855.655678,0,-0.2559714138549808,-0.33501694785561814,1.429245632924015
1657038855.655678,1,-0.37017413470307275,-0.3394485525832742,1.4269179391240794
1657038855.68469,0,-0.2559714138549808,-0.33501694785561814,1.429245632924015
1657038855.68469,1,-0.37034988639126076,-0.33939913664555843,1.426717079691786
1657038855.7138188,0,-0.2559714138549808,-0.33501694785561814,1.429245632924015
1657038855.7138188,1,-0.37034988639126076,-0.33939913664555843,1.426717079691786
1657038855.754709,0,-0.2559714138549808,-0.33501694785561814,1.429245632924015
1657038855.754709,1,-0.37034988639126076,-0.33939913664555843,1.426717079691786
1657038855.783085,0,-0.2559714138549808,-0.33501694785561814,1.429245632924015
1657038855.783085,1,-0.37034988639126076,-0.33939913664555843,1.426717079691786
1657038855.817821,0,-0.2559714138549808,-0.33501694785561814,1.429245632924015
1657038855.817821,1,-0.37034988639126076,-0.33939913664555843,1.426717079691786
1657038855.853057,0,-0.2559714138549808,-0.33501694785561814,1.429245632924015
1657038855.853057,1,-0.37034988639126076,-0.33939913664555843,1.426717079691786
1657038855.882273,0,-0.2559714138549808,-0.33501694785561814,1.429245632924015
1657038855.882273,1,-0.37034988639126076,-0.33939913664555843,1.426717079691786
1657038855.9162571,0,-0.2559714138549808,-0.33501694785561814,1.429245632924015
1657038855.9162571,1,-0.37017413470307275,-0.3394485525832742,1.4269179391240794
1657038855.9514592,0,-0.2559714138549808,-0.33501694785561814,1.429245632924015
1657038855.9514592,1,-0.37034988639126076,-0.33939913664555843,1.426717079691786
1657038855.992449,0,-0.2559714138549808,-0.33501694785561814,1.429245632924015
1657038855.992449,1,-0.37017413470307275,-0.3394485525832742,1.4269179391240794
1657038856.021408,0,-0.2559714138549808,-0.33501694785561814,1.429245632924015
1657038856.021408,1,-0.37034988639126076,-0.33939913664555843,1.426717079691786
1657038856.0564961,0,-0.2559714138549808,-0.33501694785561814,1.429245632924015
1657038856.0564961,1,-0.37034988639126076,-0.33939913664555843,1.426717079691786
1657038856.09168,0,-0.2559714138549808,-0.33501694785561814,1.429245632924015
1657038856.09168,1,-0.37034988639126076,-0.33939913664555843,1.426717079691786
1657038856.121088,0,-0.2559714138549808,-0.33501694785561814,1.429245632924015
1657038856.121088,1,-0.37034988639126076,-0.33939913664555843,1.426717079691786
1657038856.15601,0,-0.2559714138549808,-0.33501694785561814,1.429245632924015
1657038856.15601,1,-0.37034988639126076,-0.33939913664555843,1.426717079691786
1657038856.185364,0,-0.2559714138549808,-0.33501694785561814,1.429245632924015
1657038856.185364,1,-0.37034988639126076,-0.33939913664555843,1.426717079691786
1657038856.214373,0,-0.2559714138549808,-0.33501694785561814,1.429245632924015
1657038856.214373,1,-0.37034988639126076,-0.33939913664555843,1.426717079691786
1657038856.2551,0,-0.2559714138549808,-0.33501694785561814,1.429245632924015
1657038856.2551,1,-0.37034988639126076,-0.33939913664555843,1.426717079691786
1657038856.290126,0,-0.2559714138549808,-0.33501694785561814,1.429245632924015
1657038856.290126,1,-0.37034988639126076,-0.33939913664555843,1.426717079691786
1657038856.319544,0,-0.2559714138549808,-0.33501694785561814,1.429245632924015
1657038856.319544,1,-0.37034988639126076,-0.33939913664555843,1.426717079691786
1657038856.354439,0,-0.2559714138549808,-0.33501694785561814,1.429245632924015
1657038856.354439,1,-0.37034988639126076,-0.33939913664555843,1.426717079691786
1657038856.389579,0,-0.2559714138549808,-0.33501694785561814,1.429245632924015
1657038856.389579,1,-0.37034988639126076,-0.33939913664555843,1.426717079691786
1657038856.41855,0,-0.2559714138549808,-0.33501694785561814,1.429245632924015
1657038856.41855,1,-0.37034988639126076,-0.33939913664555843,1.426717079691786
1657038856.453904,0,-0.2559714138549808,-0.33501694785561814,1.429245632924015
1657038856.453904,1,-0.37034988639126076,-0.33939913664555843,1.426717079691786
1657038856.489035,0,-0.2559714138549808,-0.33501694785561814,1.429245632924015
1657038856.489035,1,-0.37034988639126076,-0.33939913664555843,1.426717079691786
1657038856.524375,0,-0.2559714138549808,-0.33501694785561814,1.429245632924015
1657038856.524375,1,-0.37034988639126076,-0.33939913664555843,1.426717079691786
1657038856.560408,0,-0.2559714138549808,-0.33501694785561814,1.429245632924015
1657038856.560408,1,-0.37017413470307275,-0.3394485525832742,1.4269179391240794
1657038856.618633,0,-0.2559714138549808,-0.33501694785561814,1.429245632924015
1657038856.618633,1,-0.37017413470307275,-0.3394485525832742,1.4269179391240794
1657038856.6532638,0,-0.2559714138549808,-0.33501694785561814,1.429245632924015
1657038856.6532638,1,-0.37017413470307275,-0.3394485525832742,1.4269179391240794
1657038856.688084,0,-0.2559714138549808,-0.33501694785561814,1.429245632924015
1657038856.688084,1,-0.37017413470307275,-0.3394485525832742,1.4269179391240794
1657038856.723543,0,-0.2559714138549808,-0.33501694785561814,1.429245632924015
1657038856.723543,1,-0.37034988639126076,-0.33939913664555843,1.426717079691786
1657038856.7584589,0,-0.2559714138549808,-0.33501694785561814,1.429245632924015
1657038856.7584589,1,-0.37034988639126076,-0.33939913664555843,1.426717079691786
1657038856.787624,0,-0.2559714138549808,-0.33501694785561814,1.429245632924015
1657038856.787624,1,-0.37034988639126076,-0.33939913664555843,1.426717079691786
1657038856.8170528,0,-0.2559714138549808,-0.33501694785561814,1.429245632924015
1657038856.8170528,1,-0.37034988639126076,-0.33939913664555843,1.426717079691786
1657038856.857835,0,-0.2559714138549808,-0.33501694785561814,1.429245632924015
1657038856.857835,1,-0.37034988639126076,-0.33939913664555843,1.426717079691786
1657038856.88705,0,-0.2559714138549808,-0.33501694785561814,1.429245632924015
1657038856.88705,1,-0.37034988639126076,-0.33939913664555843,1.426717079691786
1657038856.922509,0,-0.2559714138549808,-0.33501694785561814,1.429245632924015
1657038856.922509,1,-0.37034988639126076,-0.33939913664555843,1.426717079691786
1657038856.9604979,0,-0.2559714138549808,-0.33501694785561814,1.429245632924015
1657038856.9604979,1,-0.37034988639126076,-0.33939913664555843,1.426717079691786
1657038856.989664,0,-0.2559714138549808,-0.33501694785561814,1.429245632924015
1657038856.989664,1,-0.37034988639126076,-0.33939913664555843,1.426717079691786
1657038857.0188758,0,-0.2559714138549808,-0.33501694785561814,1.429245632924015
1657038857.0188758,1,-0.37034988639126076,-0.33939913664555843,1.426717079691786
1657038857.054312,0,-0.2559714138549808,-0.33501694785561814,1.429245632924015
1657038857.054312,1,-0.37034988639126076,-0.33939913664555843,1.426717079691786
1657038857.089008,0,-0.2559714138549808,-0.33501694785561814,1.429245632924015
1657038857.089008,1,-0.37034988639126076,-0.33939913664555843,1.426717079691786
1657038857.1245499,0,-0.2559714138549808,-0.33501694785561814,1.429245632924015
1657038857.1245499,1,-0.37034988639126076,-0.33939913664555843,1.426717079691786
1657038857.153566,0,-0.2559714138549808,-0.33501694785561814,1.429245632924015
1657038857.153566,1,-0.37034988639126076,-0.33939913664555843,1.426717079691786
1657038857.1887062,0,-0.2559714138549808,-0.33501694785561814,1.429245632924015
1657038857.1887062,1,-0.37034988639126076,-0.33939913664555843,1.426717079691786
1657038857.218129,0,-0.2559714138549808,-0.33501694785561814,1.429245632924015
1657038857.218129,1,-0.37034988639126076,-0.33939913664555843,1.426717079691786
1657038857.259368,0,-0.2559714138549808,-0.33501694785561814,1.429245632924015
1657038857.259368,1,-0.37034988639126076,-0.33939913664555843,1.426717079691786
1657038857.28864,0,-0.2559714138549808,-0.33501694785561814,1.429245632924015
1657038857.28864,1,-0.37034988639126076,-0.33939913664555843,1.426717079691786
1657038857.323296,0,-0.2559714138549808,-0.33501694785561814,1.429245632924015
1657038857.323296,1,-0.37034988639126076,-0.33939913664555843,1.426717079691786
1657038857.35841,0,-0.2559714138549808,-0.33501694785561814,1.429245632924015
1657038857.35841,1,-0.37034988639126076,-0.33939913664555843,1.426717079691786
1657038857.387871,0,-0.2559714138549808,-0.33501694785561814,1.429245632924015
1657038857.387871,1,-0.37034988639126076,-0.33939913664555843,1.426717079691786
1657038857.4228952,0,-0.2559714138549808,-0.33501694785561814,1.429245632924015
1657038857.4228952,1,-0.37034988639126076,-0.33939913664555843,1.426717079691786
1657038857.452319,0,-0.2559714138549808,-0.33501694785561814,1.429245632924015
1657038857.452319,1,-0.37017413470307275,-0.3394485525832742,1.4269179391240794
1657038857.481449,0,-0.2559714138549808,-0.33501694785561814,1.429245632924015
1657038857.481449,1,-0.3704656269041438,-0.33935049053583244,1.4273087920957606
1657038857.522578,0,-0.2559714138549808,-0.33501694785561814,1.429245632924015
1657038857.522578,1,-0.37017413470307275,-0.3394485525832742,1.4269179391240794
1657038857.564269,0,-0.2559714138549808,-0.33501694785561814,1.429245632924015
1657038857.564269,1,-0.37016656257847663,-0.33925204263150666,1.426886299782035
1657038857.622736,0,-0.2559714138549808,-0.33501694785561814,1.429245632924015
1657038857.622736,1,-0.3704656269041438,-0.33935049053583244,1.4273087920957606
1657038857.657859,0,-0.2559714138549808,-0.33501694785561814,1.429245632924015
1657038857.657859,1,-0.3704656269041438,-0.33935049053583244,1.4273087920957606
1657038857.692684,0,-0.2559714138549808,-0.33501694785561814,1.429245632924015
1657038857.692684,1,-0.37017413470307275,-0.3394485525832742,1.4269179391240794
1657038857.7217689,0,-0.2559714138549808,-0.33501694785561814,1.429245632924015
1657038857.7217689,1,-0.37017413470307275,-0.3394485525832742,1.4269179391240794
1657038857.750839,0,-0.2559714138549808,-0.33501694785561814,1.429245632924015
1657038857.750839,1,-0.3704656269041438,-0.33935049053583244,1.4273087920957606
1657038857.7863302,0,-0.2559714138549808,-0.33501694785561814,1.429245632924015
1657038857.7863302,1,-0.37017413470307275,-0.3394485525832742,1.4269179391240794
1657038857.8213801,0,-0.2559714138549808,-0.33501694785561814,1.429245632924015
1657038857.8213801,1,-0.37017413470307275,-0.3394485525832742,1.4269179391240794
1657038857.85661,0,-0.2559714138549808,-0.33501694785561814,1.429245632924015
1657038857.85661,1,-0.37017413470307275,-0.3394485525832742,1.4269179391240794
1657038857.891275,0,-0.2559714138549808,-0.33501694785561814,1.429245632924015
1657038857.891275,1,-0.37017413470307275,-0.3394485525832742,1.4269179391240794
1657038857.9204538,0,-0.2559714138549808,-0.33501694785561814,1.429245632924015
1657038857.9204538,1,-0.37017413470307275,-0.3394485525832742,1.4269179391240794
1657038857.95542,0,-0.2559714138549808,-0.33501694785561814,1.429245632924015
1657038857.95542,1,-0.37017413470307275,-0.3394485525832742,1.4269179391240794
1657038857.990786,0,-0.2559714138549808,-0.33501694785561814,1.429245632924015
1657038857.990786,1,-0.3704656269041438,-0.33935049053583244,1.4273087920957606
1657038858.025559,0,-0.2559714138549808,-0.33501694785561814,1.429245632924015
1657038858.025559,1,-0.3704656269041438,-0.33935049053583244,1.4273087920957606
1657038858.0550988,0,-0.2559714138549808,-0.33501694785561814,1.429245632924015
1657038858.0550988,1,-0.3704656269041438,-0.33935049053583244,1.4273087920957606
1657038858.0844429,0,-0.2559714138549808,-0.33501694785561814,1.429245632924015
1657038858.0844429,1,-0.3704656269041438,-0.33935049053583244,1.4273087920957606
1657038858.125515,0,-0.2559714138549808,-0.33501694785561814,1.429245632924015
1657038858.125515,1,-0.3704656269041438,-0.33935049053583244,1.4273087920957606
1657038858.155067,0,-0.2559714138549808,-0.33501694785561814,1.429245632924015
1657038858.155067,1,-0.3704656269041438,-0.33935049053583244,1.4273087920957606
1657038858.190329,0,-0.2559714138549808,-0.33501694785561814,1.429245632924015
1657038858.190329,1,-0.3704656269041438,-0.33935049053583244,1.4273087920957606
1657038858.2197871,0,-0.2559714138549808,-0.33501694785561814,1.429245632924015
1657038858.2197871,1,-0.3707519029231492,-0.3394010820138881,1.427533018066904
1657038858.25459,0,-0.2559714138549808,-0.33501694785561814,1.429245632924015
1657038858.25459,1,-0.3707519029231492,-0.3394010820138881,1.427533018066904
1657038858.289841,0,-0.2559714138549808,-0.33501694785561814,1.429245632924015
1657038858.289841,1,-0.37034988639126076,-0.33939913664555843,1.426717079691786
1657038858.319218,0,-0.2559714138549808,-0.33501694785561814,1.429245632924015
1657038858.319218,1,-0.37034988639126076,-0.33939913664555843,1.426717079691786
1657038858.354311,0,-0.2559714138549808,-0.33501694785561814,1.429245632924015
1657038858.354311,1,-0.37034988639126076,-0.33939913664555843,1.426717079691786
1657038858.3893619,0,-0.2559714138549808,-0.33501694785561814,1.429245632924015
1657038858.3893619,1,-0.37034988639126076,-0.33939913664555843,1.426717079691786
1657038858.424709,0,-0.2559714138549808,-0.33501694785561814,1.429245632924015
1657038858.424709,1,-0.37034988639126076,-0.33939913664555843,1.426717079691786
1657038858.459445,0,-0.2559714138549808,-0.33501694785561814,1.429245632924015
1657038858.459445,1,-0.37034988639126076,-0.33939913664555843,1.426717079691786
1657038858.4885771,0,-0.2559714138549808,-0.33501694785561814,1.429245632924015
1657038858.4885771,1,-0.37034988639126076,-0.33939913664555843,1.426717079691786
1657038858.524004,0,-0.2559714138549808,-0.33501694785561814,1.429245632924015
1657038858.524004,1,-0.37039741258928166,-0.33925314643197985,1.4269002682914367
1657038858.566206,0,-0.2559714138549808,-0.33501694785561814,1.429245632924015
1657038858.566206,1,-0.37017413470307275,-0.3394485525832742,1.4269179391240794
1657038858.624214,0,-0.2559714138549808,-0.33501694785561814,1.429245632924015
1657038858.624214,1,-0.3704656269041438,-0.33935049053583244,1.4273087920957606
1657038858.658635,0,-0.2559714138549808,-0.33501694785561814,1.429245632924015
1657038858.658635,1,-0.37017413470307275,-0.3394485525832742,1.4269179391240794
1657038858.687493,0,-0.2559714138549808,-0.33501694785561814,1.429245632924015
1657038858.687493,1,-0.37034988639126076,-0.33939913664555843,1.426717079691786
1657038858.7228858,0,-0.2559714138549808,-0.33501694785561814,1.429245632924015
1657038858.7228858,1,-0.37017413470307275,-0.3394485525832742,1.4269179391240794
1657038858.757889,0,-0.2559714138549808,-0.33501694785561814,1.429245632924015
1657038858.757889,1,-0.37017413470307275,-0.3394485525832742,1.4269179391240794
1657038858.793062,0,-0.2559714138549808,-0.33501694785561814,1.429245632924015
1657038858.793062,1,-0.37017413470307275,-0.3394485525832742,1.4269179391240794
1657038858.822293,0,-0.2559714138549808,-0.33501694785561814,1.429245632924015
1657038858.822293,1,-0.37017413470307275,-0.3394485525832742,1.4269179391240794
1657038858.857488,0,-0.2559714138549808,-0.33501694785561814,1.429245632924015
1657038858.857488,1,-0.37017413470307275,-0.3394485525832742,1.4269179391240794
1657038858.892169,0,-0.2559714138549808,-0.33501694785561814,1.429245632924015
1657038858.892169,1,-0.37017413470307275,-0.3394485525832742,1.4269179391240794
1657038858.9215848,0,-0.2559714138549808,-0.33501694785561814,1.429245632924015
1657038858.9215848,1,-0.37017413470307275,-0.3394485525832742,1.4269179391240794
1657038858.9566898,0,-0.2559714138549808,-0.33501694785561814,1.429245632924015
1657038858.9566898,1,-0.37017413470307275,-0.3394485525832742,1.4269179391240794
1657038858.991837,0,-0.2559714138549808,-0.33501694785561814,1.429245632924015
1657038858.991837,1,-0.37017413470307275,-0.3394485525832742,1.4269179391240794
1657038859.02663,0,-0.2559714138549808,-0.33501694785561814,1.429245632924015
1657038859.02663,1,-0.37017413470307275,-0.3394485525832742,1.4269179391240794
1657038859.055935,0,-0.2559714138549808,-0.33501694785561814,1.429245632924015
1657038859.055935,1,-0.37017413470307275,-0.3394485525832742,1.4269179391240794
1657038859.090848,0,-0.2559714138549808,-0.33501694785561814,1.429245632924015
1657038859.090848,1,-0.37017413470307275,-0.3394485525832742,1.4269179391240794
1657038859.125988,0,-0.2559714138549808,-0.33501694785561814,1.429245632924015
1657038859.125988,1,-0.3704656269041438,-0.33935049053583244,1.4273087920957606
1657038859.1552022,0,-0.2559714138549808,-0.33501694785561814,1.429245632924015
1657038859.1552022,1,-0.3704656269041438,-0.33935049053583244,1.4273087920957606
1657038859.18493,0,-0.2559714138549808,-0.33501694785561814,1.429245632924015
1657038859.18493,1,-0.3704656269041438,-0.33935049053583244,1.4273087920957606
1657038859.220033,0,-0.2559714138549808,-0.33501694785561814,1.429245632924015
1657038859.220033,1,-0.3707519029231492,-0.3394010820138881,1.427533018066904
1657038859.25506,0,-0.2559714138549808,-0.33501694785561814,1.429245632924015
1657038859.25506,1,-0.37034988639126076,-0.33939913664555843,1.426717079691786
1657038859.284205,0,-0.2559714138549808,-0.33501694785561814,1.429245632924015
1657038859.284205,1,-0.37034988639126076,-0.33939913664555843,1.426717079691786
1657038859.319152,0,-0.2559714138549808,-0.33501694785561814,1.429245632924015
1657038859.319152,1,-0.37039741258928166,-0.33925314643197985,1.4269002682914367
1657038859.360302,0,-0.2559714138549808,-0.33501694785561814,1.429245632924015
1657038859.360302,1,-0.37034988639126076,-0.33939913664555843,1.426717079691786
1657038859.38942,0,-0.2559714138549808,-0.33501694785561814,1.429245632924015
1657038859.38942,1,-0.37034988639126076,-0.33939913664555843,1.426717079691786
1657038859.4246268,0,-0.2559714138549808,-0.33501694785561814,1.429245632924015
1657038859.4246268,1,-0.37034988639126076,-0.33939913664555843,1.426717079691786
1657038859.459671,0,-0.2559714138549808,-0.33501694785561814,1.429245632924015
1657038859.459671,1,-0.37034988639126076,-0.33939913664555843,1.426717079691786
1657038859.488845,0,-0.2559714138549808,-0.33501694785561814,1.429245632924015
1657038859.488845,1,-0.37034988639126076,-0.33939913664555843,1.426717079691786
1657038859.524558,0,-0.2559714138549808,-0.33501694785561814,1.429245632924015
1657038859.524558,1,-0.37034988639126076,-0.33939913664555843,1.426717079691786
1657038859.5665112,0,-0.2559714138549808,-0.33501694785561814,1.429245632924015
1657038859.5665112,1,-0.37017413470307275,-0.3394485525832742,1.4269179391240794
1657038859.624616,0,-0.2559714138549808,-0.33501694785561814,1.429245632924015
1657038859.624616,1,-0.3721250725604127,-0.34125107137827415,1.4336277710320204
1657038859.659391,0,-0.2559714138549808,-0.33501694785561814,1.429245632924015
1657038859.659391,1,-0.3721250725604127,-0.34125107137827415,1.4336277710320204
1657038859.688278,0,-0.2559714138549808,-0.33501694785561814,1.429245632924015
1657038859.688278,1,-0.3721250725604127,-0.34125107137827415,1.4336277710320204
1657038859.723571,0,-0.2559714138549808,-0.33501694785561814,1.429245632924015
1657038859.723571,1,-0.37034988639126076,-0.33939913664555843,1.426717079691786
1657038859.758413,0,-0.2559714138549808,-0.33501694785561814,1.429245632924015
1657038859.758413,1,-0.37034988639126076,-0.33939913664555843,1.426717079691786
1657038859.79328,0,-0.2559714138549808,-0.33501694785561814,1.429245632924015
1657038859.79328,1,-0.3718995307620161,-0.34125698641550867,1.433643473132894
1657038859.821902,0,-0.2559714138549808,-0.33501694785561814,1.429245632924015
1657038859.821902,1,-0.37017413470307275,-0.3394485525832742,1.4269179391240794
1657038859.857242,0,-0.2559714138549808,-0.33501694785561814,1.429245632924015
1657038859.857242,1,-0.37017413470307275,-0.3394485525832742,1.4269179391240794
1657038859.8920362,0,-0.2559714138549808,-0.33501694785561814,1.429245632924015
1657038859.8920362,1,-0.37017413470307275,-0.3394485525832742,1.4269179391240794
1657038859.926934,0,-0.2559714138549808,-0.33501694785561814,1.429245632924015
1657038859.926934,1,-0.37017413470307275,-0.3394485525832742,1.4269179391240794
1657038859.956108,0,-0.2559714138549808,-0.33501694785561814,1.429245632924015
1657038859.956108,1,-0.37017413470307275,-0.3394485525832742,1.4269179391240794
1657038859.991194,0,-0.2559714138549808,-0.33501694785561814,1.429245632924015
1657038859.991194,1,-0.37034988639126076,-0.33939913664555843,1.426717079691786
1657038860.026212,0,-0.2559714138549808,-0.33501694785561814,1.429245632924015
1657038860.026212,1,-0.3721250725604127,-0.34125107137827415,1.4336277710320204
1657038860.061208,0,-0.2559714138549808,-0.33501694785561814,1.429245632924015
1657038860.061208,1,-0.3721250725604127,-0.34125107137827415,1.4336277710320204
1657038860.090413,0,-0.2559714138549808,-0.33501694785561814,1.429245632924015
1657038860.090413,1,-0.3721250725604127,-0.34125107137827415,1.4336277710320204
1657038860.1258519,0,-0.2559714138549808,-0.33501694785561814,1.429245632924015
1657038860.1258519,1,-0.37034988639126076,-0.33939913664555843,1.426717079691786
1657038860.160715,0,-0.2559714138549808,-0.33501694785561814,1.429245632924015
1657038860.160715,1,-0.37034988639126076,-0.33939913664555843,1.426717079691786
1657038860.1897779,0,-0.2559714138549808,-0.33501694785561814,1.429245632924015
1657038860.1897779,1,-0.37034988639126076,-0.33939913664555843,1.426717079691786
1657038860.2250571,0,-0.2559714138549808,-0.33501694785561814,1.429245632924015
1657038860.2250571,1,-0.37034988639126076,-0.33939913664555843,1.426717079691786
1657038860.254357,0,-0.2559714138549808,-0.33501694785561814,1.429245632924015
1657038860.254357,1,-0.37034988639126076,-0.33939913664555843,1.426717079691786
1657038860.289658,0,-0.2559714138549808,-0.33501694785561814,1.429245632924015
1657038860.289658,1,-0.37034988639126076,-0.33939913664555843,1.426717079691786
1657038860.324862,0,-0.2559714138549808,-0.33501694785561814,1.429245632924015
1657038860.324862,1,-0.3707519029231492,-0.3394010820138881,1.427533018066904
1657038860.359909,0,-0.2559714138549808,-0.33501694785561814,1.429245632924015
1657038860.359909,1,-0.37034988639126076,-0.33939913664555843,1.426717079691786
1657038860.3888042,0,-0.2559714138549808,-0.33501694785561814,1.429245632924015
1657038860.3888042,1,-0.37034988639126076,-0.33939913664555843,1.426717079691786
1657038860.424041,0,-0.2559714138549808,-0.33501694785561814,1.429245632924015
1657038860.424041,1,-0.3707519029231492,-0.3394010820138881,1.427533018066904
1657038860.459401,0,-0.2559714138549808,-0.33501694785561814,1.429245632924015
1657038860.459401,1,-0.37034988639126076,-0.33939913664555843,1.426717079691786
1657038860.488566,0,-0.2559714138549808,-0.33501694785561814,1.429245632924015
1657038860.488566,1,-0.37034988639126076,-0.33939913664555843,1.426717079691786
1657038860.523691,0,-0.2559714138549808,-0.33501694785561814,1.429245632924015
1657038860.523691,1,-0.37034988639126076,-0.33939913664555843,1.426717079691786
1657038860.5661361,0,-0.2559714138549808,-0.33501694785561814,1.429245632924015
1657038860.5661361,1,-0.3704656269041438,-0.33935049053583244,1.4273087920957606
1657038860.593794,0,-0.2559714138549808,-0.33501694785561814,1.429245632924015
1657038860.593794,1,-0.3704656269041438,-0.33935049053583244,1.4273087920957606
1657038860.6228962,0,-0.2559714138549808,-0.33501694785561814,1.429245632924015
1657038860.6228962,1,-0.3704656269041438,-0.33935049053583244,1.4273087920957606
1657038860.6579041,0,-0.2559714138549808,-0.33501694785561814,1.429245632924015
1657038860.6579041,1,-0.3704656269041438,-0.33935049053583244,1.4273087920957606
1657038860.693279,0,-0.2559714138549808,-0.33501694785561814,1.429245632924015
1657038860.693279,1,-0.3704656269041438,-0.33935049053583244,1.4273087920957606
1657038860.722605,0,-0.2559714138549808,-0.33501694785561814,1.429245632924015
1657038860.722605,1,-0.3704656269041438,-0.33935049053583244,1.4273087920957606
1657038860.7573981,0,-0.2559714138549808,-0.33501694785561814,1.429245632924015
1657038860.7573981,1,-0.37016656257847663,-0.33925204263150666,1.426886299782035
1657038860.7928078,0,-0.2559714138549808,-0.33501694785561814,1.429245632924015
1657038860.7928078,1,-0.37016656257847663,-0.33925204263150666,1.426886299782035
1657038860.8278139,0,-0.2559714138549808,-0.33501694785561814,1.429245632924015
1657038860.8278139,1,-0.37017413470307275,-0.3394485525832742,1.4269179391240794
1657038860.856908,0,-0.2559714138549808,-0.33501694785561814,1.429245632924015
1657038860.856908,1,-0.37017413470307275,-0.3394485525832742,1.4269179391240794
1657038860.891849,0,-0.2559714138549808,-0.33501694785561814,1.429245632924015
1657038860.891849,1,-0.37017413470307275,-0.3394485525832742,1.4269179391240794
1657038860.921346,0,-0.2559714138549808,-0.33501694785561814,1.429245632924015
1657038860.921346,1,-0.37017413470307275,-0.3394485525832742,1.4269179391240794
1657038860.956695,0,-0.2559714138549808,-0.33501694785561814,1.429245632924015
1657038860.956695,1,-0.37017413470307275,-0.3394485525832742,1.4269179391240794
1657038860.9913979,0,-0.2559714138549808,-0.33501694785561814,1.429245632924015
1657038860.9913979,1,-0.37016656257847663,-0.33925204263150666,1.426886299782035
1657038861.026678,0,-0.2559714138549808,-0.33501694785561814,1.429245632924015
1657038861.026678,1,-0.37016656257847663,-0.33925204263150666,1.426886299782035
1657038861.05576,0,-0.2559714138549808,-0.33501694785561814,1.429245632924015
1657038861.05576,1,-0.37016656257847663,-0.33925204263150666,1.426886299782035
1657038861.090812,0,-0.2559714138549808,-0.33501694785561814,1.429245632924015
1657038861.090812,1,-0.37016656257847663,-0.33925204263150666,1.426886299782035
1657038861.126249,0,-0.2559714138549808,-0.33501694785561814,1.429245632924015
1657038861.126249,1,-0.37016656257847663,-0.33925204263150666,1.426886299782035
1657038861.1611588,0,-0.2559714138549808,-0.33501694785561814,1.429245632924015
1657038861.1611588,1,-0.37016656257847663,-0.33925204263150666,1.426886299782035
1657038861.190272,0,-0.2559714138549808,-0.33501694785561814,1.429245632924015
1657038861.190272,1,-0.37016656257847663,-0.33925204263150666,1.426886299782035
1657038861.225802,0,-0.2559714138549808,-0.33501694785561814,1.429245632924015
1657038861.225802,1,-0.37017413470307275,-0.3394485525832742,1.4269179391240794
1657038861.260406,0,-0.2559714138549808,-0.33501694785561814,1.429245632924015
1657038861.260406,1,-0.37016656257847663,-0.33925204263150666,1.426886299782035
1657038861.28962,0,-0.2559714138549808,-0.33501694785561814,1.429245632924015
1657038861.28962,1,-0.3718494811643705,-0.341020733302904,1.4334461374156848
1657038861.3248608,0,-0.2559714138549808,-0.33501694785561814,1.429245632924015
1657038861.3248608,1,-0.3718494811643705,-0.341020733302904,1.4334461374156848
1657038861.359628,0,-0.25696438351229717,-0.3365562835953294,1.4349111035059412
1657038861.359628,1,-0.3718494811643705,-0.341020733302904,1.4334461374156848
1657038861.394788,0,-0.2559714138549808,-0.33501694785561814,1.429245632924015
1657038861.394788,1,-0.3718494811643705,-0.341020733302904,1.4334461374156848
1657038861.424198,0,-0.2559714138549808,-0.33501694785561814,1.429245632924015
1657038861.424198,1,-0.3718494811643705,-0.341020733302904,1.4334461374156848
1657038861.4595258,0,-0.2559714138549808,-0.33501694785561814,1.429245632924015
1657038861.4595258,1,-0.3718494811643705,-0.341020733302904,1.4334461374156848
1657038861.494708,0,-0.2559714138549808,-0.33501694785561814,1.429245632924015
1657038861.494708,1,-0.3718494811643705,-0.341020733302904,1.4334461374156848
1657038861.523735,0,-0.2559714138549808,-0.33501694785561814,1.429245632924015
1657038861.523735,1,-0.3718494811643705,-0.341020733302904,1.4334461374156848
1657038861.5661361,0,-0.2559714138549808,-0.33501694785561814,1.429245632924015
1657038861.5661361,1,-0.3718494811643705,-0.341020733302904,1.4334461374156848
1657038861.618238,0,-0.25696438351229717,-0.3365562835953294,1.4349111035059412
1657038861.618238,1,-0.37017413470307275,-0.3394485525832742,1.4269179391240794
1657038861.658792,0,-0.25696438351229717,-0.3365562835953294,1.4349111035059412
1657038861.658792,1,-0.37017413470307275,-0.3394485525832742,1.4269179391240794
1657038861.693511,0,-0.25696438351229717,-0.3365562835953294,1.4349111035059412
1657038861.693511,1,-0.37017413470307275,-0.3394485525832742,1.4269179391240794
1657038861.728506,0,-0.25696438351229717,-0.3365562835953294,1.4349111035059412
1657038861.728506,1,-0.37017413470307275,-0.3394485525832742,1.4269179391240794
1657038861.757601,0,-0.25696438351229717,-0.3365562835953294,1.4349111035059412
1657038861.757601,1,-0.37017413470307275,-0.3394485525832742,1.4269179391240794
1657038861.792256,0,-0.25696438351229717,-0.3365562835953294,1.4349111035059412
1657038861.792256,1,-0.37016656257847663,-0.33925204263150666,1.426886299782035
1657038861.8270972,0,-0.2559714138549808,-0.33501694785561814,1.429245632924015
1657038861.8270972,1,-0.37017413470307275,-0.3394485525832742,1.4269179391240794
1657038861.856182,0,-0.2559714138549808,-0.33501694785561814,1.429245632924015
1657038861.856182,1,-0.37017413470307275,-0.3394485525832742,1.4269179391240794
1657038861.8915331,0,-0.2559714138549808,-0.33501694785561814,1.429245632924015
1657038861.8915331,1,-0.37017413470307275,-0.3394485525832742,1.4269179391240794
1657038861.920802,0,-0.2559714138549808,-0.33501694785561814,1.429245632924015
1657038861.920802,1,-0.37016656257847663,-0.33925204263150666,1.426886299782035
1657038861.9622478,0,-0.2559714138549808,-0.33501694785561814,1.429245632924015
1657038861.9622478,1,-0.37016656257847663,-0.33925204263150666,1.426886299782035
1657038861.991323,0,-0.2559714138549808,-0.33501694785561814,1.429245632924015
1657038861.991323,1,-0.37016656257847663,-0.33925204263150666,1.426886299782035
1657038862.0264971,0,-0.2559714138549808,-0.33501694785561814,1.429245632924015
1657038862.0264971,1,-0.37016656257847663,-0.33925204263150666,1.426886299782035
1657038862.061589,0,-0.2559714138549808,-0.33501694785561814,1.429245632924015
1657038862.061589,1,-0.3718494811643705,-0.341020733302904,1.4334461374156848
1657038862.0907578,0,-0.2559714138549808,-0.33501694785561814,1.429245632924015
1657038862.0907578,1,-0.37017413470307275,-0.3394485525832742,1.4269179391240794
1657038862.1255932,0,-0.2559714138549808,-0.33501694785561814,1.429245632924015
1657038862.1255932,1,-0.37017413470307275,-0.3394485525832742,1.4269179391240794
1657038862.160598,0,-0.2559714138549808,-0.33501694785561814,1.429245632924015
1657038862.160598,1,-0.37017413470307275,-0.3394485525832742,1.4269179391240794
1657038862.1956348,0,-0.2559714138549808,-0.33501694785561814,1.429245632924015
1657038862.1956348,1,-0.37017413470307275,-0.3394485525832742,1.4269179391240794
1657038862.224808,0,-0.2559714138549808,-0.33501694785561814,1.429245632924015
1657038862.224808,1,-0.37017413470307275,-0.3394485525832742,1.4269179391240794
1657038862.2601001,0,-0.2559714138549808,-0.33501694785561814,1.429245632924015
1657038862.2601001,1,-0.37017413470307275,-0.3394485525832742,1.4269179391240794
1657038862.289424,0,-0.2559714138549808,-0.33501694785561814,1.429245632924015
1657038862.289424,1,-0.37017413470307275,-0.3394485525832742,1.4269179391240794
1657038862.342913,0,-0.2559714138549808,-0.33501694785561814,1.429245632924015
1657038862.342913,1,-0.37017413470307275,-0.3394485525832742,1.4269179391240794
1657038862.378491,0,-0.2559714138549808,-0.33501694785561814,1.429245632924015
1657038862.378491,1,-0.37016656257847663,-0.33925204263150666,1.426886299782035
1657038862.413255,0,-0.2559714138549808,-0.33501694785561814,1.429245632924015
1657038862.413255,1,-0.37016656257847663,-0.33925204263150666,1.426886299782035
1657038862.4539049,0,-0.2559714138549808,-0.33501694785561814,1.429245632924015
1657038862.4539049,1,-0.37016656257847663,-0.33925204263150666,1.426886299782035
1657038862.4829152,0,-0.2559714138549808,-0.33501694785561814,1.429245632924015
1657038862.4829152,1,-0.37016656257847663,-0.33925204263150666,1.426886299782035
1657038862.517659,0,-0.2553832280304528,-0.3343666433203096,1.4272303127129122
1657038862.517659,1,-0.371794985266662,-0.34009596581495366,1.4348524543407088
1657038862.5600681,0,-0.25536096552319515,-0.3324951857439096,1.4291174477977193
1657038862.5600681,1,-0.3697082231220797,-0.336312427710549,1.4275835594148452
1657038862.593982,0,-0.2553513172541853,-0.32968088872165296,1.4313625835762789
1657038862.593982,1,-0.3695594248275032,-0.3332522744062057,1.4269662338580087
1657038862.6227,0,-0.25582588310828214,-0.32728316090673404,1.4353275678436828
1657038862.6227,1,-0.3710543990059709,-0.3307453268383186,1.434235793997839
1657038862.657807,0,-0.25434781451176763,-0.32192445171121464,1.4301824056625316
1657038862.657807,1,-0.37267862051755274,-0.32773647611705115,1.4421724288628108
1657038862.6868439,0,-0.25371454478926375,-0.3171529001962757,1.4301441996807986
1657038862.6868439,1,-0.3715581971741832,-0.3214910593858161,1.4424966505337837
1657038862.716182,0,-0.25436920506069804,-0.31326430049971465,1.4361583949211358
1657038862.716182,1,-0.3716616778403938,-0.3162016179856596,1.4422427883979103
1657038862.757258,0,-0.25440164782587416,-0.3084727398866297,1.438315258446673
1657038862.757258,1,-0.37109206126408073,-0.31017570119397664,1.441592735891541
1657038862.7929118,0,-0.25224884564941225,-0.3011882358343445,1.430557070239736
1657038862.7929118,1,-0.3718691788033274,-0.3050610365265733,1.447146338734333
1657038862.821982,0,-0.2526467927469964,-0.2957773438948862,1.435384473642758
1657038862.821982,1,-0.37035053569743237,-0.2973322020641296,1.442544169008278
1657038862.869879,0,-0.3700979329915348,-0.2837225014596757,1.4430026007164294
1657038862.869879,1,-0.25122316621048224,-0.28180617367885946,1.4280697449070845
1657038862.9107041,0,-0.3701472890019579,-0.2770016087476502,1.4430932180328084
1657038862.9107041,1,-0.2516761318097789,-0.2755310103928794,1.4291208779476543
1657038862.963142,0,-0.37018006508308293,-0.2702621908572425,1.4416388896599253
1657038862.963142,1,-0.2530262754770985,-0.2698641098144479,1.434314618440485
1657038862.9921012,0,-0.371225196090347,-0.2639815615386821,1.4430848807525163
1657038862.9921012,1,-0.2538308164610498,-0.26305154690511046,1.4349550828817217
1657038863.027286,0,-0.2548826591477854,-0.25605907739051076,1.4370120179710244
1657038863.027286,1,-0.3739200993487558,-0.2584616724058311,1.4500750646504392
1657038863.0619562,0,-0.3750486856052244,-0.2514337576507482,1.4510754510664352
1657038863.0619562,1,-0.2552136554223113,-0.24847993051637232,1.4341541912713638
1657038863.0907671,0,-0.2569026936564136,-0.2410222495164861,1.43608321830756
1657038863.0907671,1,-0.3783116512444995,-0.24587970071281776,1.4596560643818859
1657038863.126192,0,-0.2590614426182884,-0.2334938954364928,1.4425494900693887
1657038863.126192,1,-0.3779511054710223,-0.23762906524163177,1.4522675691096971
1657038863.161105,0,-0.26264855439149215,-0.22767470688247665,1.4500754442819748
1657038863.161105,1,-0.3814554514597249,-0.23183959401549178,1.4599185816583347
1657038863.190274,0,-0.2638351156972219,-0.22012588943725586,1.4493939715278306
1657038863.190274,1,-0.3828863347680308,-0.2249745211432848,1.4596893614479962
1657038863.2251132,0,-0.26442205481212344,-0.21099816526938642,1.440674306011158
1657038863.2251132,1,-0.38259895098885943,-0.21720195436783873,1.451956177319448
1657038863.260142,0,-0.26616285594488115,-0.20340785758053276,1.4420573365395102
1657038863.260142,1,-0.38398752459960483,-0.2099885473652311,1.450688702266523
1657038863.29524,0,-0.26727105631233494,-0.1960995061188881,1.439726531716484
1657038863.29524,1,-0.38568067221169877,-0.20322328931198752,1.4522229848497927
1657038863.3242939,0,-0.26814052008115147,-0.18850016881781387,1.4396669279056629
1657038863.3242939,1,-0.3884110706300853,-0.19692737998543672,1.4592731752728896
1657038863.35984,0,-0.2709104037602013,-0.18210616222615167,1.4476336718953753
1657038863.35984,1,-0.38764457724531076,-0.18888815356325364,1.4530490806519558
1657038863.394424,0,-0.2712544377413199,-0.1745512038235882,1.4483210818984098
1657038863.394424,1,-0.3881839994864042,-0.18098223897407356,1.4548932411337216
1657038863.429661,0,-0.27349142807383786,-0.16757454335279512,1.4543680177299414
1657038863.429661,1,-0.39135707736790215,-0.1748675779048896,1.460464943128394
1657038863.458573,0,-0.274623568360605,-0.15999181049816902,1.4570110720773852
1657038863.458573,1,-0.3912005253258121,-0.16701180807367902,1.4573120658266747
1657038863.49372,0,-0.2753252597232929,-0.15261746430665357,1.4560036198039281
1657038863.49372,1,-0.39248214579150376,-0.15924151822614846,1.461957366377594
1657038863.523135,0,-0.27655705133984776,-0.14535848170654536,1.4578981386547758
1657038863.523135,1,-0.39159586261704293,-0.1512387707328172,1.4531192506739665
1657038863.565218,0,-0.2757945125286667,-0.13715960186080775,1.4503568562042255
1657038863.565218,1,-0.39440190932426616,-0.1441490481742329,1.461065911755738
1657038863.599591,0,-0.27637191081777274,-0.12944674890923968,1.4497575070162905
1657038863.599591,1,-0.3961959387117173,-0.13693725601812518,1.4638016567780057
1657038863.658232,0,-0.27929281869610995,-0.1146395187133454,1.456939746254413
1657038863.658232,1,-0.3973106064409021,-0.12110830377077247,1.4659639813198708
1657038863.692909,0,-0.27748871391344115,-0.10589444174098828,1.4452676042260377
1657038863.692909,1,-0.39947520330787656,-0.11372472254524284,1.4687271569863154
1657038863.7277498,0,-0.2784581723060972,-0.09828179503750203,1.4458065059403067
1657038863.7277498,1,-0.39938433995352607,-0.1057619688875203,1.4671902882155003
1657038863.7566972,0,-0.27986622567470537,-0.09091350410834388,1.4464575494358265
1657038863.7566972,1,-0.39847128577205376,-0.09796118487348433,1.4585622388233686
1657038863.7859042,0,-0.28157177759804963,-0.0831123025494655,1.4518556281986184
1657038863.7859042,1,-0.4015293904560376,-0.09006582368914656,1.465791897372244
1657038863.827036,0,-0.2819227817615272,-0.07509465538019247,1.450121290652549
1657038863.827036,1,-0.40200334280467814,-0.08234936164041726,1.4659293736998318
1657038863.8613818,0,-0.28139205121988564,-0.066878397332114,1.4428710840042234
1657038863.8613818,1,-0.4011932083482927,-0.07447600810380173,1.4590594960521335
1657038863.890604,0,-0.2830662937715909,-0.05955376423551779,1.4495714117725236
1657038863.890604,1,-0.40096645827194005,-0.06598643491123113,1.4564888093809811
1657038863.9256608,0,-0.2852654586691829,-0.05195135803669163,1.4575497908784214
1657038863.9256608,1,-0.40408511760495386,-0.0583133006154852,1.4663467170384592
1657038863.960791,0,-0.2842698424554421,-0.04355365015170209,1.4501062341603619
1657038863.960791,1,-0.4079756208967432,-0.050249635020313,1.4767211291125202
1657038863.99562,0,-0.2859920448130177,-0.03563823529616275,1.4558655289494298
1657038863.99562,1,-0.40665470366480433,-0.04164361477022563,1.4703025172060837
1657038864.024948,0,-0.2863876705803215,-0.0272422540966545,1.4556422413205674
1657038864.024948,1,-0.40536020963680053,-0.0335034000716467,1.4631625845562446
1657038864.059957,0,-0.28692470705903483,-0.019539512483846146,1.454984393770162
1657038864.059957,1,-0.40997538888558227,-0.024749728321450903,1.4792795660620048
1657038864.095686,0,-0.28924578876201534,-0.010741138849652903,1.4676064185644262
1657038864.095686,1,-0.4104967413398636,-0.01695885544866036,1.4796260708197881
1657038864.130409,0,-0.28719440618840214,-0.0030343991531039506,1.4523078482449583
1657038864.130409,1,-0.4110986599126284,-0.008275286507176328,1.4802587946450128
1657038864.159585,0,-0.28494224543317287,0.004946758978957885,1.440156410351247
1657038864.159585,1,-0.415664867829451,-5.058075972466631e-05,1.4953544759188888
1657038864.1947,0,-0.4124628177337258,0.008624756794326808,1.4812710712857178
1657038864.1947,1,-0.2928311480338979,0.013975793322474046,1.4786927621005383
1657038864.223979,0,-0.41262487644560847,0.01731492197371308,1.4818952511695638
1657038864.223979,1,-0.29154036331024913,0.02117222964903258,1.4670642576210255
1657038864.259178,0,-0.4133824078949203,0.025586505928011847,1.4831148044211948
1657038864.259178,1,-0.29147861617078263,0.02911180768699897,1.4668349482071417
1657038864.293895,0,-0.41353346537831487,0.034292576830805395,1.4837142521062268
1657038864.293895,1,-0.29250928410066157,0.037932197112220095,1.4723493734740993
1657038864.323199,0,-0.4179986170298681,0.04331891131942377,1.4986131095296202
1657038864.323199,1,-0.29033813484704313,0.045474191908689614,1.458887719090384
1657038864.35827,0,-0.4177897014087247,0.05173064792695788,1.496110770613708
1657038864.35827,1,-0.2917250951923978,0.05449757522527115,1.464889097056481
1657038864.39336,0,-0.41421566637471974,0.059966123529986176,1.4832634712836614
1657038864.39336,1,-0.2922563640240638,0.06247775989633062,1.4645832146357358
1657038864.428162,0,-0.42019571066903705,0.06936053161789833,1.5027302487132388
1657038864.46307,0,-0.41781327728718676,0.07759354840579728,1.492454303949224
1657038864.528345,0,-0.41956456804357084,0.09509160929213567,1.495828815718954
1657038864.570173,0,-0.4165688242094169,0.10338870994010076,1.4831021894072098
1657038864.598294,0,-0.4176647993285514,0.11222148065450056,1.48542320398191
1657038864.627538,0,-0.41829244502138774,0.12084795244966369,1.4869234196674126
1657038864.627538,1,-0.2956720399554981,0.12316315607455461,1.4657093042460236
1657038864.662134,0,-0.4194182687805237,0.12951519305164388,1.488842822357038
1657038864.662134,1,-0.29487745131096843,0.13182029691605385,1.461022069324579
1657038864.697244,0,-0.4189298431757077,0.13818041293209873,1.4863642586200798
1657038864.697244,1,-0.2949765134988749,0.13965207494757564,1.458293796676519
1657038864.732386,0,-0.4202824552989702,0.1471898145471384,1.4891143315521789
1657038864.7615108,0,-0.4184544095527564,0.15519309971595452,1.4804517964066948
1657038864.7615108,1,-0.29554727541730824,0.15745424397261562,1.4585852817452165
1657038864.791144,0,-0.41870206618403844,0.1636924633723404,1.4790936518740008
1657038864.791144,1,-0.29775903195437176,0.16723952425999078,1.4657211913007802
1657038864.8260942,0,-0.41906051221957213,0.17289349050207586,1.4798499320993734
1657038864.8260942,1,-0.29669376133175424,0.17533064062882983,1.4597291452096166
1657038864.8612401,0,-0.4195795041344816,0.18148712804467426,1.4779359362026205
1657038864.896079,0,-0.41788960365810607,0.18956935877966047,1.4705561966874685
1657038864.9252539,0,-0.41860419440914715,0.19790362306674397,1.470197403279816
1657038864.960673,0,-0.4208322434200679,0.20737112130194363,1.4767241381004899
1657038865.001421,0,-0.41940918980351627,0.214961534714892,1.4696241555899476
1657038865.061099,0,-0.4197545025070547,0.23210950091017138,1.4672919007555554
1657038865.061099,1,-0.2874845452352748,0.22375512146062623,1.3956681280592025
1657038865.0960371,0,-0.42058285210391055,0.24103313818969052,1.4681621933685687
1657038865.0960371,1,-0.2885715498588149,0.23232109856047078,1.3972220470961527
1657038865.1306722,0,-0.42102593068094485,0.24904605666967,1.4675249435755686
1657038865.1306722,1,-0.2928941824072337,0.2437920709856594,1.4142433765599471
1657038865.165525,0,-0.4211628671589046,0.2584937231576189,1.466664686658741
1657038865.165525,1,-0.29280388012865327,0.2523963147946275,1.4140758849158586
1657038865.1948118,0,-0.41955551847327893,0.2656970595980377,1.4581615279333127
1657038865.1948118,1,-0.295384846516781,0.262408984920361,1.4226977082314927
1657038865.229683,0,-0.2978478799706855,0.2728718188814874,1.4298085628612576
1657038865.229683,1,-0.42212697215176886,0.27544736723506513,1.46499357497694
1657038865.265412,0,-0.3038602882021759,0.287176651497031,1.4530716301899453
1657038865.265412,1,-0.42102958080907266,0.2830861946366256,1.4591115860278556
1657038865.2941911,0,-0.3071946882319071,0.29916616673087165,1.4663218356885954
1657038865.2941911,1,-0.42131205789707793,0.2916050829138462,1.4580697079405491
1657038865.3293152,0,-0.3082012359542208,0.307649016440923,1.4672972901979595
1657038865.3293152,1,-0.4219165719380401,0.3006945850046171,1.4580015847795427
1657038865.3943639,0,-0.3138605684118891,0.33101936435923646,1.4899490528749457
1657038865.3943639,1,-0.4253644888687117,0.31977518646285585,1.4649473627435667
1657038865.42903,0,-0.42782915704223207,0.33021109613096394,1.4714527517010978
1657038865.464098,0,-0.4260626693845998,0.33713743078429875,1.4632543462606205
1657038865.499212,0,-0.4268646162241698,0.3458196020041462,1.463137920662383
1657038865.528182,0,-0.427999604844041,0.3553728174090009,1.4648556700289095
1657038865.5702558,0,-0.428856458629684,0.36390953961990424,1.4641156959106698
1657038865.5985138,0,-0.43176102493310126,0.3744533630196542,1.4712098003924756
1657038865.6276748,0,-0.4316289833683392,0.38297674342296767,1.470138042824965
1657038865.6623309,0,-0.43482465815656574,0.39427351128449056,1.4788663513017481
1657038865.691541,0,-0.4354416187060427,0.40248531329312803,1.477368906245232
1657038865.7325299,0,-0.4358133049187809,0.41129315388027465,1.4756988950205816
1657038865.797718,0,-0.4370633670807708,0.42884028921916706,1.476209979680748
1657038865.826655,0,-0.435378744355102,0.43512837098401835,1.4683208841116835
1657038865.855804,0,-0.43807773805916495,0.4453663846612443,1.4745573927007
1657038865.8908632,0,-0.44127943629144223,0.4565861904684763,1.483121595208907
1657038865.931765,0,-0.44014145400293864,0.4633085542916936,1.4762807142518164
1657038865.9606311,0,-0.4413507728499137,0.4730069857289337,1.4782218362601571
1657038865.9956028,0,-0.44434717762549236,0.4838232535926544,1.4837299014750684
1657038866.024891,0,-0.44271680007061404,0.4899099083340986,1.4746039292886488
1657038866.066099,0,-0.44244993212936384,0.49747023959978787,1.4700927140071354
1657038866.094885,0,-0.44588985181301083,0.5095833504190271,1.4778581901199224
1657038866.129686,0,-0.4462737674911679,0.5177537385577262,1.475366257197175
1657038866.1592221,0,-0.44569115300338,0.5248077994552489,1.4704686569912733
1657038866.1941938,0,-0.4480369287238037,0.5353847721085243,1.4746732791219859
1657038866.229242,0,-0.44642534251698024,0.541587003489793,1.4657408973336081
1657038866.264332,0,-0.44980608886323853,0.5536659329223126,1.47323170367753
1657038866.328599,0,-0.4492152397160832,0.5683716727920946,1.4640521600290164
